Ward,Division,Dem,Rep,Ind,Other,Total,White,Black,Hispanic,Other,Male,Female,Unknown
1,1,319,49,7,88,463,178,4,2,28,159,162,143
1,2,425,65,5,80,575,238,2,2,11,188,219,168
1,3,459,86,9,87,641,272,3,14,8,206,238,198
1,4,426,118,2,61,607,261,8,13,13,197,237,180
1,5,290,30,1,43,364,102,45,19,30,104,117,145
1,6,359,42,3,66,470,114,71,45,15,164,161,147
1,7,327,22,3,52,404,36,82,72,42,113,139,154
1,8,364,49,4,79,496,174,14,17,47,157,180,162
1,9,363,64,4,60,491,224,5,12,29,143,185,168
1,10,402,43,3,85,533,162,8,9,47,174,168,192
1,11,494,60,10,99,663,267,4,14,21,216,244,203
1,12,319,44,7,96,466,96,56,29,43,154,154,163
1,13,410,49,4,92,555,121,73,30,41,157,197,201
1,14,437,50,7,97,591,125,66,35,36,174,176,242
1,15,533,60,8,116,717,213,62,16,24,226,250,242
1,16,315,31,12,73,431,107,36,8,36,141,156,135
1,17,386,79,3,62,530,227,33,9,16,207,191,134
1,18,454,83,4,73,614,302,2,5,5,185,221,208
1,19,378,70,8,48,504,271,0,14,10,159,170,176
1,20,480,32,6,57,575,262,17,12,15,193,215,169
1,21,420,78,7,54,559,273,5,10,8,175,226,160
2,1,495,112,5,100,712,279,14,9,15,236,255,223
2,2,310,70,5,60,445,95,62,8,25,153,145,150
2,3,316,56,3,71,446,131,42,5,26,151,159,137
2,4,398,65,8,88,559,202,5,15,49,176,189,196
2,5,404,65,8,66,543,192,8,10,20,185,196,163
2,6,462,55,4,73,594,197,6,11,22,184,238,175
2,7,493,74,5,111,683,213,36,11,24,239,230,218
2,8,339,49,3,70,461,121,59,13,16,138,182,143
2,9,459,52,5,65,581,84,137,10,9,180,223,180
2,10,452,66,9,86,613,192,13,11,25,207,210,197
2,11,413,82,6,100,601,167,9,10,38,168,227,208
2,12,478,81,5,96,660,164,30,7,19,222,234,206
2,13,238,29,4,44,315,30,93,5,10,86,116,115
2,14,549,61,6,61,677,107,196,21,31,189,247,246
2,15,662,108,10,125,905,190,142,12,19,259,334,313
2,16,620,79,11,143,853,230,36,3,19,264,297,294
2,17,430,73,12,104,619,165,34,6,17,189,226,206
2,18,396,74,7,76,553,193,8,7,13,173,212,169
2,19,460,63,6,85,614,140,105,9,19,199,232,189
2,20,292,40,2,73,407,36,63,6,15,128,142,140
2,21,447,36,5,75,563,57,181,10,19,224,168,176
2,22,580,72,12,102,766,205,49,10,9,253,261,252
2,23,576,66,8,106,756,225,20,17,22,274,248,237
2,24,465,97,9,93,664,198,13,12,13,211,232,221
2,25,543,67,14,169,793,194,44,7,17,279,275,246
2,26,696,148,9,211,1064,331,10,22,19,346,371,349
2,27,585,171,7,157,920,288,16,13,14,265,315,342
3,1,526,17,4,29,576,3,338,4,5,176,225,179
3,2,634,19,1,35,689,8,409,9,15,217,275,204
3,3,590,13,4,28,635,5,380,4,5,176,243,220
3,4,648,30,2,27,707,11,441,1,14,188,282,241
3,5,492,9,3,26,530,2,313,4,8,133,214,185
3,6,530,15,2,28,575,5,319,6,10,155,224,198
3,7,520,24,1,12,557,6,339,4,6,150,237,171
3,8,509,17,1,22,549,2,325,2,8,154,203,194
3,9,567,15,4,25,611,3,357,5,7,157,257,200
3,10,533,7,4,27,571,3,320,8,7,167,212,194
3,11,551,13,3,24,591,0,332,0,7,160,227,208
3,12,571,17,4,24,616,2,352,4,11,161,266,192
3,13,474,13,2,26,515,3,301,1,6,131,201,185
3,14,639,20,0,29,688,4,401,1,6,214,254,223
3,15,548,10,3,26,587,1,313,2,6,169,232,186
3,16,626,18,5,28,677,4,385,3,9,181,266,232
3,17,582,10,1,25,618,5,371,5,13,174,249,196
3,18,597,17,0,30,644,3,376,1,7,177,278,189
3,19,640,8,2,38,688,3,422,4,3,166,282,244
3,20,459,20,1,20,500,4,306,7,6,119,220,165
3,21,462,13,0,22,497,3,309,1,3,131,191,178
3,22,533,15,1,26,575,2,360,3,5,144,249,189
4,1,584,15,1,30,630,2,394,1,13,162,265,204
4,2,739,19,1,26,785,2,488,7,12,222,350,215
4,3,671,17,7,28,723,4,416,3,8,165,307,255
4,4,484,17,0,28,529,4,310,5,8,136,227,168
4,5,592,12,2,33,639,1,363,4,9,168,259,212
4,6,629,12,2,28,671,6,393,0,4,195,269,207
4,7,756,29,3,30,818,5,494,7,15,216,347,261
4,8,658,29,4,32,723,1,432,8,10,211,311,205
4,9,602,19,2,27,650,3,381,5,8,167,267,219
4,10,578,16,4,31,629,2,369,3,9,161,261,208
4,11,652,15,3,32,702,4,430,6,6,187,277,240
4,12,527,17,4,43,591,4,358,3,7,173,243,179
4,13,726,18,2,33,779,3,445,4,8,226,324,233
4,14,608,21,3,33,665,2,400,4,13,178,282,207
4,15,580,18,8,29,635,1,377,1,8,174,238,224
4,16,615,18,3,29,665,0,387,3,11,182,265,223
4,17,550,13,2,23,588,4,344,1,6,164,228,200
4,18,609,15,5,31,660,3,391,2,5,161,273,230
4,19,451,13,3,18,485,2,291,0,9,139,193,155
4,20,581,13,0,20,614,0,375,4,10,173,248,199
4,21,514,17,4,22,557,5,347,1,10,144,238,176
5,1,826,229,11,214,1280,353,24,18,33,383,442,459
5,2,569,139,10,159,877,274,32,7,13,282,279,319
5,3,462,112,8,87,669,271,5,8,13,213,266,190
5,4,692,122,11,169,994,290,30,13,16,315,354,330
5,5,656,100,17,140,913,267,25,13,38,298,302,316
5,6,689,136,14,189,1028,253,20,14,27,323,337,370
5,7,550,105,10,162,827,207,22,12,24,269,302,262
5,8,694,94,14,164,966,259,24,10,17,342,330,299
5,9,1062,152,14,276,1504,288,295,38,40,644,417,455
5,10,228,90,5,64,387,120,15,5,9,143,113,131
5,11,778,111,5,219,1113,243,97,10,38,434,362,324
5,12,868,245,11,288,1412,246,45,20,166,409,492,520
5,13,579,83,5,109,776,66,235,29,41,335,85,361
5,14,523,68,9,154,754,163,21,12,13,240,245,270
5,15,399,58,6,112,575,136,22,43,12,214,184,178
5,16,610,120,11,189,930,184,79,13,19,314,273,350
5,17,910,138,19,248,1315,256,71,53,27,446,445,429
5,18,712,225,19,171,1127,374,21,13,23,318,402,410
5,19,699,167,11,160,1037,404,13,9,21,306,397,336
5,20,339,38,4,77,458,94,36,40,9,136,180,142
5,21,1094,245,23,366,1728,341,54,67,47,616,538,581
5,22,467,67,9,84,627,191,55,8,16,172,247,209
5,23,663,57,13,155,888,145,161,47,17,294,326,271
5,24,773,151,5,329,1258,151,35,25,195,391,381,499
5,25,779,125,13,228,1145,186,147,30,78,444,307,396
5,26,742,199,18,297,1256,260,27,16,24,374,389,502
5,27,678,194,18,277,1167,282,37,15,16,348,383,439
5,28,510,78,14,182,784,155,77,11,21,274,261,254
5,29,336,39,6,110,491,61,49,19,9,130,154,214
6,1,555,21,3,97,676,35,246,5,26,219,238,223
6,2,316,8,1,8,333,6,189,0,7,63,141,131
6,3,545,39,9,87,680,34,265,3,15,237,248,199
6,4,675,17,2,30,724,5,402,7,15,141,298,289
6,5,303,17,2,15,337,3,187,5,5,118,119,101
6,6,417,7,3,15,442,3,256,4,2,112,180,153
6,7,549,11,4,29,593,2,378,12,3,159,245,190
6,8,334,12,1,20,367,11,210,2,5,101,152,114
6,9,429,15,0,29,473,3,294,3,5,156,181,138
6,10,324,27,2,16,369,2,210,0,5,120,134,115
6,11,696,21,1,33,751,12,444,3,5,228,291,238
6,12,351,6,3,23,383,3,220,0,3,78,183,122
6,13,462,17,0,21,500,6,316,9,7,143,195,163
6,14,475,13,3,36,527,11,299,11,3,190,190,149
6,15,546,16,5,33,600,15,314,9,6,189,224,190
6,16,429,11,1,21,462,4,278,4,4,109,211,145
6,17,585,18,5,31,639,5,381,7,12,171,242,228
6,18,642,15,3,29,689,15,389,8,9,221,265,206
7,1,508,44,0,58,610,11,28,420,13,154,180,280
7,2,429,44,0,49,522,6,16,387,15,133,167,230
7,3,340,38,1,33,412,12,21,292,11,94,118,206
7,4,557,46,0,53,656,15,13,465,18,163,189,309
7,5,824,54,2,69,949,26,94,598,21,264,311,385
7,6,569,48,2,64,683,27,55,422,22,196,207,286
7,7,445,30,0,46,521,6,41,324,24,139,158,228
7,8,500,36,1,51,588,16,102,278,16,161,185,247
7,9,343,26,0,29,398,14,66,208,17,107,126,166
7,10,683,86,4,95,868,50,125,303,24,304,185,387
7,11,622,49,5,63,739,26,51,462,23,176,260,311
7,12,665,51,3,61,780,20,67,490,30,180,265,343
7,13,432,44,1,56,533,37,41,316,11,146,167,225
7,14,531,51,0,57,639,25,57,375,16,196,176,271
7,15,322,21,2,25,370,5,20,231,13,101,107,163
7,16,445,44,2,57,548,23,91,243,15,142,172,238
7,17,487,35,0,72,594,19,46,372,26,160,163,276
7,18,654,42,0,87,783,20,81,441,26,240,206,340
7,19,554,57,1,74,686,30,50,414,21,158,242,293
7,20,391,39,1,37,468,28,50,255,8,133,153,187
7,21,514,36,1,51,602,18,83,311,21,143,185,280
7,22,464,59,2,50,575,30,90,259,28,146,184,250
7,23,358,31,1,62,452,37,43,237,15,155,144,164
8,1,568,76,6,146,796,229,4,5,19,232,294,273
8,2,537,104,9,151,801,223,11,3,12,253,288,263
8,3,697,129,9,167,1002,248,19,8,21,315,348,344
8,4,683,152,6,172,1013,232,15,11,22,307,361,350
8,5,827,246,20,270,1363,227,45,16,37,416,484,476
8,6,496,122,6,105,729,223,9,4,5,234,274,227
8,7,537,81,7,106,731,201,67,8,34,238,261,238
8,8,576,143,10,173,902,255,12,6,17,271,346,290
8,9,676,116,8,196,996,242,16,8,20,306,324,376
8,10,674,155,15,170,1014,299,59,15,21,314,388,316
8,11,441,147,8,137,733,162,7,5,17,215,309,213
8,12,583,118,15,203,919,208,13,16,32,306,345,275
8,13,449,76,6,134,665,170,9,3,21,186,252,231
8,14,856,172,20,301,1349,331,27,20,23,382,477,497
8,15,701,228,14,236,1179,192,81,16,35,380,411,399
8,16,449,68,10,35,562,234,9,5,9,146,259,157
8,17,561,162,8,216,947,192,25,6,23,269,344,346
8,18,556,106,11,111,784,245,25,7,14,248,318,221
8,19,565,103,7,117,792,222,28,10,15,259,281,255
8,20,376,124,5,135,640,136,8,7,15,193,206,244
8,21,429,82,7,65,583,226,7,6,7,153,235,196
8,22,357,73,6,138,574,112,40,9,19,183,203,191
8,23,649,126,7,164,946,200,83,8,28,287,337,330
8,24,828,184,16,263,1291,270,35,20,44,393,485,417
8,25,615,131,13,159,918,257,36,8,11,245,369,313
8,26,992,177,22,306,1497,251,132,82,29,492,518,494
8,27,553,107,7,244,911,141,19,8,35,286,311,316
8,28,568,62,4,104,738,254,3,6,13,225,261,252
8,29,643,131,11,98,883,351,24,11,15,250,373,262
8,30,604,105,16,169,894,189,74,32,21,260,354,284
9,1,537,24,4,42,607,112,187,8,12,184,244,181
9,2,542,31,5,45,623,172,145,5,12,218,241,165
9,3,754,48,12,77,891,212,157,8,12,265,363,264
9,4,437,74,6,85,602,191,27,5,15,170,230,202
9,5,489,90,10,91,680,192,68,6,11,210,283,188
9,6,500,109,9,86,704,265,23,5,11,237,268,203
9,7,481,139,11,93,724,294,35,12,9,192,305,229
9,8,332,87,8,56,483,209,13,3,8,150,177,156
9,9,615,122,14,107,858,306,19,7,7,238,354,269
9,10,544,186,7,90,827,341,11,18,13,266,311,254
9,11,704,171,18,124,1017,393,22,11,10,326,394,300
9,12,638,76,6,64,784,197,152,10,16,231,295,259
9,13,564,35,6,72,677,176,110,11,11,185,273,219
9,14,449,25,4,47,525,153,86,5,10,171,215,141
9,15,522,32,6,54,614,182,83,6,16,182,251,182
9,16,579,63,9,100,751,70,218,12,14,203,361,190
9,17,437,33,8,60,538,38,177,5,16,150,244,147
10,1,531,21,1,23,576,2,332,1,4,158,232,189
10,2,666,20,1,27,714,2,437,4,7,190,300,225
10,3,562,14,2,20,598,2,355,8,8,166,247,187
10,4,557,13,4,23,597,2,349,4,7,170,239,190
10,5,581,14,4,24,623,3,339,2,9,170,257,198
10,6,546,13,1,19,579,7,342,0,6,165,239,175
10,7,531,5,1,18,555,1,334,6,6,148,243,165
10,8,565,12,3,24,604,4,369,4,10,179,249,182
10,9,612,14,2,26,654,6,390,3,6,180,284,196
10,10,474,10,2,21,507,4,279,5,6,151,202,157
10,11,625,9,2,51,687,8,385,5,13,222,306,162
10,12,577,8,4,37,626,1,361,7,5,184,243,202
10,13,679,13,3,33,728,2,423,4,6,212,266,252
10,14,682,15,0,23,720,1,459,6,3,192,294,236
10,15,494,7,0,23,524,5,294,5,3,164,187,174
10,16,560,11,0,33,604,2,375,9,4,166,249,190
10,17,499,9,5,27,540,1,317,1,4,129,226,187
10,18,521,9,0,18,548,5,312,0,11,161,206,183
10,19,503,8,2,26,539,3,324,3,6,140,226,173
10,20,672,15,2,30,719,1,435,3,7,200,292,230
10,21,674,15,2,22,713,5,434,6,4,187,314,216
10,22,448,10,3,27,488,2,314,2,4,167,192,131
10,23,530,11,1,22,564,6,329,1,7,131,243,194
10,24,491,13,1,16,521,4,303,1,5,145,213,165
10,25,586,14,0,27,627,1,355,4,4,151,285,192
10,26,580,16,4,26,626,4,364,4,5,169,268,190
10,27,584,13,2,26,625,2,366,2,5,191,245,192
10,28,463,9,1,13,486,4,293,0,11,144,207,135
10,29,543,14,4,15,576,4,329,5,6,162,212,204
11,1,391,22,1,18,432,7,255,12,5,135,160,142
11,2,562,16,4,20,602,3,377,7,5,163,232,209
11,3,433,19,3,23,478,14,288,8,5,145,176,162
11,4,226,7,2,14,249,4,152,3,4,69,91,89
11,5,412,18,3,27,460,4,256,10,5,158,161,144
11,6,364,15,2,28,409,6,240,7,1,121,150,140
11,7,502,15,2,19,538,1,355,3,0,138,245,160
11,8,611,18,4,34,667,5,401,6,6,186,268,213
11,9,572,17,3,36,628,14,358,10,9,176,265,191
11,10,368,17,1,20,406,7,243,9,4,101,166,145
11,11,497,23,0,17,537,7,331,3,4,145,231,164
11,12,395,18,5,26,444,10,253,10,2,150,169,129
11,13,584,19,1,33,637,6,376,13,5,175,290,176
11,14,384,7,1,24,416,8,221,9,8,128,142,147
11,15,279,14,1,16,310,10,169,1,4,92,120,98
11,16,520,17,1,21,559,3,347,6,6,175,220,167
11,17,334,15,1,18,368,3,232,0,3,114,142,114
11,18,483,21,4,23,531,5,334,6,4,142,214,179
11,19,563,22,3,30,618,3,372,8,6,190,241,192
11,20,623,18,3,31,675,6,429,8,5,192,261,226
12,1,570,15,3,26,614,2,380,6,7,139,282,195
12,2,521,16,1,27,565,3,354,3,7,163,213,194
12,3,456,14,4,22,496,6,277,7,8,150,181,169
12,4,459,16,0,15,490,4,315,3,8,163,203,128
12,5,765,24,3,34,826,30,480,11,14,240,329,268
12,6,436,22,2,25,485,26,258,7,5,158,178,152
12,7,684,23,4,62,773,24,357,9,9,218,278,283
12,8,647,12,5,38,702,27,372,5,7,193,323,191
12,9,527,15,1,45,588,33,315,9,6,198,219,173
12,10,570,16,4,35,625,3,357,7,7,145,267,215
12,11,590,30,4,57,681,20,332,10,13,202,298,187
12,12,562,25,3,37,627,10,381,3,5,170,257,206
12,13,530,21,1,32,584,14,342,9,7,164,234,188
12,14,794,28,2,53,877,25,507,10,9,251,381,248
12,15,624,31,2,58,715,50,349,7,17,229,290,203
12,16,611,36,7,53,707,77,289,5,18,200,281,230
12,17,749,25,4,53,831,21,471,9,6,207,349,278
12,18,534,20,3,35,592,17,328,4,13,167,226,203
12,19,475,12,1,31,519,10,286,4,7,139,205,181
12,20,483,17,3,34,537,10,277,5,14,142,216,184
12,21,455,16,3,30,504,8,281,5,5,156,162,188
12,22,537,30,3,82,652,67,187,9,19,178,283,192
12,23,581,31,8,57,677,84,235,10,14,207,266,206
12,24,466,17,5,38,526,7,287,7,8,158,229,139
13,1,559,21,4,38,622,9,358,11,11,161,243,221
13,2,476,15,3,22,516,15,274,7,6,159,205,153
13,3,424,10,5,20,459,14,253,2,14,124,187,149
13,4,521,25,6,48,600,63,250,6,15,189,242,174
13,5,576,27,4,36,643,36,335,6,7,189,267,191
13,6,614,14,4,36,668,10,376,2,9,153,316,201
13,7,435,18,1,27,481,1,295,3,3,139,187,157
13,8,488,23,1,21,533,1,352,6,3,158,193,183
13,9,503,15,3,17,538,4,317,4,7,152,202,188
13,10,443,15,1,20,479,6,297,8,9,145,179,159
13,11,516,27,2,23,568,9,347,7,4,146,231,195
13,12,500,13,1,25,539,4,324,10,13,148,191,201
13,13,467,12,3,19,501,10,298,9,9,146,198,160
13,14,590,19,1,21,631,7,375,7,6,178,231,224
13,15,466,11,0,30,507,0,286,10,8,124,215,170
13,16,495,18,3,23,539,2,324,5,5,165,201,174
13,17,540,12,1,20,573,6,354,7,6,152,220,203
13,18,674,37,1,38,750,7,439,5,38,182,297,277
13,19,580,36,3,27,646,25,396,12,5,204,239,204
13,20,501,16,3,25,545,3,339,0,4,157,218,172
13,21,355,29,0,20,404,0,237,1,2,107,159,140
13,22,801,36,2,37,876,2,523,17,10,266,332,282
13,23,417,26,4,23,470,7,256,9,8,156,166,151
13,24,374,15,1,19,409,2,238,12,4,127,150,133
13,25,435,9,2,21,467,4,270,7,11,138,166,166
14,1,546,52,8,138,744,89,156,36,27,263,241,244
14,2,647,11,5,40,703,2,406,9,9,163,285,258
14,3,491,9,2,39,541,4,300,6,6,136,206,203
14,4,767,35,2,43,847,17,488,21,10,193,283,372
14,5,301,15,3,34,353,13,179,16,7,83,124,146
14,6,409,19,0,21,449,2,282,8,5,83,153,215
14,7,411,19,2,49,481,27,210,52,13,157,157,169
14,8,97,1,0,10,108,0,61,10,1,11,55,43
14,9,406,26,1,39,472,33,189,86,20,138,187,147
14,10,553,45,3,86,687,53,270,18,9,163,258,268
14,11,409,18,2,14,443,8,247,22,5,117,174,155
15,1,613,97,11,145,866,260,41,16,18,293,305,270
15,2,568,67,10,135,780,274,36,11,9,252,299,233
15,3,639,108,8,178,933,175,58,65,22,288,353,294
15,4,344,87,10,97,538,106,13,11,14,152,210,177
15,5,420,84,7,80,591,185,2,5,11,193,205,193
15,6,693,88,4,45,830,374,18,3,5,204,412,214
15,7,746,53,9,97,905,84,346,19,17,312,293,304
15,8,411,52,5,76,544,188,19,5,17,175,191,178
15,9,478,77,4,87,646,249,1,8,5,202,248,197
15,10,655,42,5,76,778,53,345,26,15,235,284,264
15,11,497,47,4,81,629,48,187,60,14,226,232,175
15,12,468,49,13,72,602,147,65,21,11,190,221,193
15,13,442,45,7,61,555,145,87,19,8,167,219,170
15,14,424,86,4,75,589,201,10,2,8,174,223,194
15,15,391,52,6,97,546,120,33,41,12,161,200,187
15,16,461,83,4,108,656,174,23,20,11,217,231,211
15,17,432,73,10,91,606,180,20,22,9,183,239,186
15,18,504,68,12,112,696,219,17,9,11,223,282,193
15,19,403,98,7,88,596,182,10,4,12,175,225,198
16,1,385,22,2,41,450,14,238,1,6,137,163,152
16,2,459,20,2,41,522,9,281,9,5,192,185,151
16,3,549,24,2,36,611,10,386,12,7,162,228,223
16,4,442,14,1,21,478,4,310,5,11,145,158,177
16,5,530,16,2,28,576,13,356,7,8,178,204,200
16,6,453,24,0,31,508,9,302,6,4,154,178,177
16,7,488,18,2,26,534,1,342,2,7,140,205,192
16,8,446,14,1,14,475,3,309,3,4,128,170,179
16,9,439,17,1,27,484,2,303,5,6,140,186,161
16,10,339,13,3,14,369,2,217,7,1,127,133,113
16,11,406,12,1,20,439,1,269,3,1,122,154,163
16,12,554,16,2,20,592,5,373,10,5,195,191,207
16,13,395,9,1,9,414,5,272,3,0,102,166,148
16,14,302,18,2,16,338,5,222,4,4,104,123,112
16,15,363,10,1,11,385,1,235,5,3,67,160,159
16,16,386,14,1,17,418,0,286,6,2,70,205,146
16,17,526,8,3,27,564,3,327,9,4,140,231,193
16,18,573,21,5,32,631,9,399,6,14,188,257,188
17,1,432,12,2,24,470,4,262,4,9,135,178,158
17,2,447,7,1,19,474,1,280,5,2,109,188,177
17,3,539,8,2,23,572,1,328,1,4,149,245,179
17,4,563,41,1,28,633,7,291,4,107,145,276,220
17,5,470,13,0,24,507,3,298,5,3,132,206,172
17,6,559,17,3,20,599,5,361,10,6,172,243,186
17,7,702,20,1,29,752,6,444,2,11,199,322,232
17,8,552,16,1,25,594,0,340,3,5,155,241,200
17,9,465,12,3,19,499,2,281,6,3,115,219,167
17,10,582,16,2,21,621,2,352,3,9,181,268,173
17,11,484,11,4,21,520,3,293,5,10,130,226,164
17,12,526,18,3,26,573,3,325,2,5,165,210,198
17,13,560,14,2,27,603,6,343,5,14,168,235,200
17,14,628,14,2,22,666,6,359,11,12,186,247,242
17,15,468,17,1,17,503,2,296,1,3,131,207,167
17,16,443,42,5,72,562,28,215,5,7,129,192,243
17,17,438,20,3,23,484,4,277,4,9,132,204,151
17,18,452,8,3,30,493,8,275,4,8,141,210,147
17,19,436,10,1,12,459,0,289,0,6,137,181,143
17,20,520,10,1,28,559,5,354,7,4,151,229,182
17,21,657,26,7,54,744,19,371,14,17,223,291,233
17,22,499,9,2,25,535,8,298,6,6,151,194,192
17,23,530,93,5,102,730,70,209,13,15,241,279,217
17,24,668,19,3,39,729,4,417,7,10,196,300,234
17,25,450,14,3,18,485,2,288,2,3,133,198,155
17,26,240,0,0,9,249,1,129,0,6,71,96,82
17,27,412,13,2,15,442,0,273,2,8,128,186,129
17,28,437,12,1,18,468,2,294,3,10,136,197,136
17,29,493,14,0,15,522,1,298,7,3,142,210,173
18,1,732,124,10,159,1025,197,51,119,40,364,328,342
18,2,652,116,17,175,960,338,19,25,19,346,325,294
18,3,297,22,2,36,357,7,54,204,8,94,118,146
18,4,407,71,9,73,560,256,7,10,13,184,200,177
18,5,420,112,8,69,609,242,16,18,8,223,214,174
18,6,395,114,5,102,616,223,43,14,15,232,175,209
18,7,392,103,6,78,579,263,4,7,9,189,212,180
18,8,282,23,1,26,332,6,62,172,7,92,112,130
18,9,664,65,5,104,838,78,91,240,23,242,285,311
18,10,478,94,9,86,667,279,12,24,10,195,279,197
18,11,465,121,6,94,686,325,4,11,11,218,254,214
18,12,461,112,5,126,704,289,5,12,7,231,255,218
18,13,390,32,2,51,475,16,45,253,11,137,138,200
18,14,463,47,3,65,578,40,105,192,20,168,209,206
18,15,411,26,3,83,523,53,52,172,20,161,159,207
18,16,471,92,9,93,665,124,27,198,36,206,214,249
18,17,701,77,5,121,904,107,43,376,30,285,270,351
19,1,508,29,2,48,587,7,72,361,23,159,188,249
19,2,571,42,1,68,682,7,40,485,16,161,198,327
19,3,388,24,0,51,463,10,36,306,9,117,131,223
19,4,379,29,0,44,452,8,29,304,13,106,129,220
19,5,330,29,2,29,390,7,29,251,14,92,108,193
19,6,429,25,0,46,500,8,17,371,13,121,154,229
19,7,492,37,0,46,575,4,27,435,20,146,140,294
19,8,505,36,2,42,585,14,34,422,12,168,153,268
19,9,554,47,2,55,658,9,32,471,18,178,180,304
19,10,568,49,0,68,685,18,45,440,18,198,218,272
19,11,593,33,2,75,703,50,106,383,14,222,218,268
19,12,491,29,1,47,568,23,42,371,13,166,178,228
19,13,473,39,2,42,556,6,117,287,16,138,167,254
19,14,190,7,0,16,213,1,55,104,2,62,66,86
19,15,348,27,2,38,415,7,86,209,9,117,107,193
19,16,631,52,1,66,750,12,114,450,21,192,243,319
19,17,324,24,1,40,389,4,52,243,9,103,122,168
19,18,414,19,1,26,460,1,97,245,11,124,117,220
19,19,396,26,3,52,477,7,23,324,17,133,137,212
20,1,725,106,8,152,991,91,180,124,28,246,366,388
20,2,250,23,0,22,295,2,129,50,4,65,119,112
20,3,647,36,7,90,780,37,290,10,14,199,324,265
20,4,583,28,3,23,637,3,309,85,14,175,248,215
20,5,255,22,1,19,297,5,143,33,2,86,93,118
20,6,636,17,3,44,700,15,387,9,12,204,270,226
20,7,1090,153,8,328,1579,163,348,24,15,414,597,584
20,8,190,11,0,32,233,4,66,55,7,71,83,82
20,9,607,74,7,141,829,84,240,15,13,221,339,278
20,10,557,30,2,50,639,8,252,151,12,187,220,235
20,11,466,112,9,216,803,113,35,7,10,271,332,212
21,1,363,130,10,122,625,195,14,4,11,207,224,195
21,2,368,163,9,101,641,204,7,0,7,202,205,238
21,3,368,78,2,71,519,80,101,6,7,160,235,125
21,4,248,131,12,92,483,135,13,3,8,162,159,164
21,5,593,233,11,108,945,342,49,11,12,254,386,305
21,6,315,125,9,112,561,156,22,3,10,209,188,171
21,7,334,154,14,122,624,167,8,4,10,204,216,210
21,8,296,119,9,108,532,132,12,5,9,167,193,173
21,9,359,148,5,109,621,191,11,11,8,210,210,203
21,10,263,100,7,71,441,146,5,4,3,150,154,139
21,11,377,106,5,99,587,132,84,2,5,199,203,187
21,12,310,97,7,89,503,171,5,9,4,175,175,153
21,13,341,114,5,78,538,194,9,8,9,185,194,160
21,14,482,101,6,106,695,202,104,7,15,189,292,216
21,15,385,137,5,81,608,219,14,5,14,201,208,200
21,16,266,128,2,71,467,189,3,6,3,151,177,140
21,17,392,117,6,92,607,242,17,3,10,189,243,176
21,18,304,104,6,71,485,194,6,5,5,147,185,155
21,19,331,83,9,86,509,184,17,2,3,169,185,156
21,20,306,104,11,80,501,168,29,6,6,169,187,145
21,21,355,147,4,95,601,239,24,12,6,212,206,185
21,22,529,209,12,133,883,330,29,4,11,277,318,289
21,23,993,180,25,373,1571,236,188,21,35,381,588,612
21,24,778,72,7,83,940,241,188,11,9,281,382,282
21,25,392,152,8,78,630,263,22,5,15,208,240,182
21,26,324,127,7,86,544,224,15,9,9,174,227,148
21,27,459,139,9,104,711,238,53,9,17,230,271,213
21,28,381,135,4,45,565,273,11,9,7,181,223,161
21,29,580,215,11,137,943,375,68,17,13,323,343,280
21,30,539,148,14,115,816,283,72,15,15,244,347,226
21,31,355,152,8,42,557,283,7,4,6,167,215,176
21,32,364,128,5,48,545,235,46,14,11,172,188,187
21,33,658,216,13,91,978,441,54,8,14,296,373,311
21,34,634,239,11,85,969,443,64,19,17,320,374,280
21,35,431,131,11,93,666,242,25,4,14,223,260,186
21,36,274,100,8,77,459,161,11,5,6,139,170,152
21,37,316,116,3,67,502,230,7,6,2,170,192,141
21,38,388,152,8,47,595,304,21,7,12,188,230,178
21,39,568,216,11,152,947,287,42,18,16,291,361,300
21,40,481,190,10,102,783,295,50,9,11,253,321,211
21,41,457,199,4,62,722,307,59,10,12,223,303,197
21,42,325,153,8,46,532,260,20,11,10,170,196,167
21,43,343,134,7,51,535,225,40,2,4,165,236,136
21,44,336,181,6,40,563,311,4,3,8,203,216,145
21,45,400,127,11,40,578,291,28,3,13,159,262,157
22,1,680,30,2,65,777,250,83,8,7,239,317,222
22,2,628,31,1,67,727,182,133,12,20,235,272,222
22,3,600,21,2,53,676,109,211,10,15,185,310,183
22,4,496,25,4,42,567,83,170,6,12,160,234,175
22,5,575,30,5,64,674,118,155,5,19,194,270,211
22,6,779,23,6,71,879,125,296,15,18,223,380,277
22,7,642,26,6,44,718,113,252,5,19,220,296,207
22,8,451,19,2,37,509,45,210,6,13,150,223,138
22,9,461,13,3,28,505,31,243,6,8,132,207,172
22,10,539,19,5,64,627,67,222,12,7,172,281,174
22,11,388,21,1,35,445,23,183,6,9,146,182,122
22,12,555,19,3,23,600,6,330,4,5,167,228,209
22,13,532,14,3,37,586,7,331,2,6,154,247,187
22,14,654,25,6,39,724,41,336,8,19,209,312,209
22,15,595,10,1,25,631,8,331,3,10,185,255,194
22,16,479,18,6,50,553,48,185,6,14,151,228,178
22,17,425,15,4,29,473,59,185,5,6,136,192,147
22,18,421,8,1,21,451,13,226,5,5,126,204,121
22,19,576,12,3,35,626,20,323,5,8,188,272,168
22,20,411,16,1,26,454,20,227,2,6,122,209,124
22,21,500,7,1,29,537,8,312,3,7,154,237,147
22,22,511,12,7,30,560,3,319,2,10,151,252,160
22,23,454,20,3,32,509,97,153,12,10,153,218,139
22,24,552,19,5,44,620,62,281,2,6,193,255,173
22,25,302,4,4,18,328,28,157,3,1,100,138,90
22,26,488,18,2,16,524,16,286,4,8,164,208,152
22,27,542,12,3,21,578,8,331,1,9,160,239,186
22,28,487,16,2,17,522,5,306,3,4,159,231,134
22,29,499,10,4,26,539,9,298,3,8,150,237,154
23,1,374,37,3,34,448,62,163,62,7,139,163,149
23,2,449,51,0,53,553,126,136,100,12,157,211,187
23,3,353,49,4,29,435,91,74,94,12,123,158,155
23,4,534,70,5,55,664,82,150,136,20,188,242,234
23,5,508,65,1,56,630,88,183,89,17,189,234,210
23,6,672,59,6,66,803,72,285,81,16,250,316,244
23,7,632,54,1,50,737,97,259,85,16,253,266,222
23,8,455,78,2,37,572,87,158,69,13,164,203,210
23,9,455,86,5,43,589,146,133,52,12,167,202,220
23,10,625,108,9,55,797,150,165,105,25,254,249,300
23,11,554,57,7,75,693,28,138,207,45,167,247,287
23,12,544,40,2,75,661,38,178,144,25,185,226,257
23,13,512,91,7,69,679,141,165,66,19,210,227,243
23,14,388,160,2,62,612,263,32,77,8,193,234,194
23,15,448,72,1,41,562,103,140,104,7,177,197,194
23,16,516,33,3,46,598,25,237,106,23,148,200,251
23,17,470,32,0,50,552,22,237,72,20,160,189,206
23,18,497,22,3,29,551,10,299,33,8,111,235,208
23,19,467,35,3,33,538,29,234,36,15,145,223,173
23,20,571,44,3,56,674,61,241,87,19,203,252,223
23,21,670,40,3,41,754,29,355,65,14,210,268,279
23,22,477,48,2,55,582,65,150,132,14,138,233,212
23,23,415,58,0,37,510,94,137,89,11,171,172,173
24,1,402,94,6,134,636,115,48,9,11,234,215,193
24,2,382,31,3,70,486,42,185,7,8,129,177,182
24,3,509,24,5,58,596,19,276,4,11,175,221,203
24,4,413,11,1,48,473,9,249,5,6,147,226,103
24,5,412,63,4,127,606,133,70,8,14,202,214,193
24,6,735,48,10,104,897,66,325,13,48,234,317,351
24,7,494,16,2,39,551,9,310,6,11,146,228,185
24,8,488,27,9,89,613,58,170,9,10,204,209,202
24,9,386,20,0,16,422,8,248,1,8,119,145,162
24,10,503,165,7,402,1077,113,13,7,19,355,315,418
24,11,384,25,2,58,469,15,229,4,8,148,175,148
24,12,431,24,0,22,477,6,299,3,7,111,179,187
24,13,412,13,0,14,439,8,257,3,7,112,163,166
24,14,429,13,1,14,457,5,282,4,6,110,172,175
24,15,330,11,1,15,357,2,221,4,4,90,131,136
24,16,265,8,1,10,284,4,185,1,0,81,95,108
24,17,267,18,0,25,310,4,196,1,5,84,121,110
24,18,395,130,4,316,845,109,8,11,24,417,262,181
24,19,323,84,13,187,607,64,26,4,33,192,234,191
25,1,298,139,7,50,494,240,3,9,6,168,161,167
25,2,364,85,3,43,495,128,89,71,8,124,220,157
25,3,335,150,3,47,535,297,2,8,3,160,195,181
25,4,277,151,4,59,491,252,10,15,7,163,174,155
25,5,289,158,6,43,496,269,1,16,6,148,159,191
25,6,258,111,5,49,423,226,2,8,1,140,143,141
25,7,268,188,2,42,500,274,2,9,3,158,177,165
25,8,327,127,3,54,511,253,16,33,7,159,171,184
25,9,374,40,0,56,470,79,98,123,12,148,175,149
25,10,191,183,1,41,416,230,2,10,6,132,146,138
25,11,330,111,4,43,488,187,27,70,9,136,174,179
25,12,282,164,3,59,508,270,11,24,6,156,195,159
25,13,365,38,1,48,452,47,117,133,9,130,181,147
25,14,345,39,2,37,423,94,58,129,6,121,137,166
25,15,375,54,3,57,489,69,95,153,17,163,151,177
25,16,309,36,1,38,384,24,83,140,9,116,131,141
25,17,356,36,1,46,439,52,94,138,11,104,172,167
25,18,456,63,2,61,582,115,123,162,18,184,204,199
25,19,405,52,1,55,513,65,94,171,16,151,196,169
25,20,507,48,3,91,649,51,132,228,17,227,224,205
25,21,403,55,2,47,507,73,79,158,12,166,152,194
25,22,249,127,2,38,416,219,9,27,6,128,162,129
25,23,350,111,5,54,520,163,83,77,5,163,198,164
25,24,358,96,6,48,508,185,51,74,11,166,204,139
26,1,371,119,7,18,515,343,2,3,6,165,186,165
26,2,500,206,1,28,735,455,1,2,8,255,269,212
26,3,348,162,3,23,536,358,2,4,9,194,205,137
26,4,354,127,4,20,505,320,2,10,4,148,173,184
26,5,322,142,7,33,504,321,2,6,4,164,186,154
26,6,436,133,5,40,614,380,5,5,4,218,223,174
26,7,376,142,0,41,559,353,3,5,6,169,232,158
26,8,394,201,3,31,629,354,1,6,4,188,239,202
26,9,420,139,5,26,590,355,2,4,10,175,233,185
26,10,279,99,5,51,434,220,12,11,14,142,151,141
26,11,386,59,7,48,500,281,4,14,1,148,177,175
26,12,299,177,2,36,514,272,6,12,6,171,188,158
26,13,332,83,1,18,434,292,2,3,9,136,179,120
26,14,317,119,6,34,476,266,0,13,8,159,184,134
26,15,258,112,8,21,399,228,2,5,14,133,145,121
26,16,334,103,5,67,509,207,11,13,18,155,198,159
26,17,288,84,7,55,434,182,13,10,12,141,150,145
26,18,324,106,5,51,486,249,4,14,9,129,199,159
26,19,294,176,3,40,513,243,6,11,10,162,187,164
26,20,56,27,2,9,94,34,12,1,2,43,32,19
26,21,272,103,3,34,412,206,10,4,4,148,145,119
26,22,284,60,5,71,420,167,33,11,10,120,164,138
26,23,726,181,14,109,1030,341,113,14,29,349,389,293
27,1,388,58,7,162,615,119,29,11,13,200,199,220
27,2,443,35,6,128,612,119,31,12,14,187,211,223
27,3,526,112,5,309,952,74,32,11,39,311,340,312
27,4,440,18,2,34,494,2,262,3,6,149,177,171
27,5,370,53,7,162,592,79,46,7,22,190,219,196
27,6,623,61,11,189,884,95,148,21,36,304,293,295
27,7,385,52,6,110,553,91,73,7,25,147,202,226
27,8,425,97,8,198,728,115,13,10,17,232,270,232
27,9,743,144,5,282,1174,175,26,15,28,348,487,347
27,10,227,19,4,88,338,68,15,7,9,103,120,119
27,11,691,137,6,361,1195,136,63,12,53,379,424,407
27,12,386,16,2,25,429,8,245,3,10,127,163,140
27,13,444,32,7,97,580,49,100,6,63,213,174,202
27,14,459,31,10,134,634,105,48,8,27,196,219,220
27,15,463,25,3,53,544,44,225,6,13,162,186,201
27,16,450,47,1,100,598,36,215,4,30,147,201,277
27,17,391,12,1,19,423,3,255,3,5,123,162,141
27,18,715,135,7,292,1149,102,71,22,42,397,417,345
27,19,621,114,10,406,1151,101,47,19,24,467,371,323
27,20,664,73,4,317,1058,82,57,22,56,304,441,327
27,21,495,97,6,260,858,52,41,29,36,264,331,265
27,22,1141,240,10,758,2149,144,44,27,58,766,850,565
27,23,506,52,10,146,714,154,21,21,15,228,235,258
28,1,520,17,3,31,571,7,353,11,5,200,174,198
28,2,409,5,3,22,439,1,275,2,4,145,146,150
28,3,447,15,2,25,489,5,297,3,5,161,164,164
28,4,420,17,2,22,461,2,289,3,8,138,176,149
28,5,531,16,3,20,570,3,384,1,9,174,220,182
28,6,521,14,1,18,554,2,343,3,4,164,191,200
28,7,338,16,2,20,376,7,216,5,4,114,138,124
28,8,596,7,0,15,618,3,367,2,5,171,224,226
28,9,577,24,4,37,642,2,388,1,11,172,237,234
28,10,409,17,3,14,443,0,299,4,0,126,164,154
28,11,323,12,0,9,344,1,195,6,5,111,134,102
28,12,472,18,0,18,508,1,305,9,9,125,190,196
28,13,485,12,1,23,521,2,330,3,7,152,198,175
28,14,385,19,4,25,433,7,273,4,1,124,151,160
28,15,456,19,1,21,497,6,334,8,5,171,163,167
28,16,366,13,1,7,387,2,260,2,2,111,144,133
28,17,416,23,0,19,458,4,296,7,2,110,185,168
28,18,524,14,8,18,564,4,363,4,3,162,227,179
29,1,367,29,10,46,452,58,131,13,5,168,114,170
29,2,249,12,1,9,271,7,158,8,5,78,86,109
29,3,556,50,5,91,702,94,219,6,11,232,238,233
29,4,513,27,0,27,567,2,347,14,18,133,264,173
29,5,272,8,1,7,288,2,181,5,5,99,106,87
29,6,278,11,0,18,307,2,214,1,3,119,103,89
29,7,376,20,0,22,418,1,284,7,7,92,191,138
29,8,340,20,2,18,380,8,240,2,1,112,148,123
29,9,252,10,0,10,272,0,188,1,1,83,105,85
29,10,588,50,9,88,735,63,233,7,17,231,260,247
29,11,443,24,2,40,509,39,185,5,9,156,185,169
29,12,446,17,2,30,495,15,245,4,6,143,171,183
29,13,465,22,1,27,515,10,311,6,6,145,187,188
29,14,299,11,1,14,325,7,184,7,4,95,118,114
29,15,433,16,0,19,468,9,287,7,8,125,195,151
29,16,410,16,3,22,451,6,286,2,2,134,180,139
29,17,322,9,1,18,350,3,204,1,3,90,144,120
29,18,383,17,0,16,416,2,241,2,2,118,144,157
30,1,838,93,14,165,1110,201,205,18,15,377,367,368
30,2,459,62,11,76,608,90,150,5,9,191,226,195
30,3,508,67,4,116,695,166,38,10,13,206,236,254
30,4,326,31,3,54,414,30,113,3,12,155,148,118
30,5,398,42,6,94,540,67,110,13,7,176,194,173
30,6,582,70,10,107,769,124,100,6,18,258,285,229
30,7,826,140,14,218,1198,296,39,14,32,415,430,356
30,8,570,66,4,100,740,211,12,15,17,224,262,255
30,9,604,82,9,131,826,158,110,11,11,297,306,228
30,10,377,59,9,73,518,59,106,5,11,186,183,152
30,11,435,75,10,94,614,81,113,4,11,208,236,172
30,12,512,56,7,84,659,76,187,9,9,216,257,188
30,13,630,65,4,119,818,112,168,11,18,288,296,236
30,14,430,38,3,117,588,85,87,10,13,188,215,185
30,15,607,45,7,96,755,128,153,10,16,238,289,232
30,16,495,97,9,133,734,195,46,4,16,267,250,223
30,17,865,216,15,241,1337,244,132,14,30,457,494,390
31,1,381,69,6,88,544,141,26,86,14,204,198,147
31,2,323,55,2,43,423,52,27,184,40,110,144,174
31,3,312,76,5,89,482,200,12,16,8,147,184,153
31,4,409,143,6,76,634,271,6,17,9,205,220,210
31,5,318,98,9,57,482,210,5,8,6,157,174,152
31,6,274,130,1,71,476,216,10,4,13,178,174,124
31,7,516,153,12,94,775,352,21,24,10,271,256,248
31,8,421,152,6,101,680,187,51,114,27,202,231,251
31,9,365,57,3,84,509,85,20,161,27,166,174,177
31,10,256,50,5,57,368,112,22,53,12,133,123,113
31,11,437,86,3,82,608,124,43,114,52,192,198,227
31,12,405,64,3,81,553,111,47,116,36,172,201,184
31,13,337,82,5,71,495,202,6,13,9,172,177,146
31,14,344,108,7,72,531,247,7,18,8,186,192,155
31,15,362,162,6,60,590,248,6,16,11,205,212,173
31,16,383,149,4,61,597,276,6,16,15,194,202,201
31,17,278,105,7,43,433,198,9,22,13,157,141,137
31,18,245,90,5,49,389,171,7,14,8,108,146,136
31,19,275,100,3,39,417,210,7,17,6,124,140,157
32,1,325,17,3,8,353,2,215,7,5,116,140,99
32,2,470,24,0,19,513,4,321,7,4,107,229,179
32,3,380,16,0,20,416,4,265,3,6,113,154,151
32,4,407,16,4,18,445,1,268,7,4,137,167,141
32,5,204,43,3,54,304,33,64,4,6,89,123,96
32,6,351,35,0,78,464,43,149,4,4,130,191,144
32,7,728,110,6,219,1063,121,184,12,16,309,387,378
32,8,373,61,3,119,556,66,136,5,5,189,234,139
32,9,491,39,3,88,621,31,259,5,12,233,203,193
32,10,418,18,2,20,458,5,276,3,4,148,176,139
32,11,546,36,9,78,669,40,273,9,13,217,256,204
32,12,519,26,3,62,610,29,301,12,12,200,228,186
32,13,331,25,3,22,381,5,223,8,3,115,126,140
32,14,236,12,0,11,259,0,164,2,4,83,86,90
32,15,378,26,1,17,422,12,250,5,5,145,122,159
32,16,416,18,2,20,456,5,302,4,2,137,188,132
32,17,329,18,3,20,370,0,236,4,4,113,135,122
32,18,497,15,1,19,532,0,343,6,3,135,215,184
32,19,421,14,1,20,456,1,288,2,1,143,162,152
32,20,341,11,1,19,372,3,239,7,6,94,142,137
32,21,415,21,2,14,452,2,273,2,8,133,172,150
32,22,360,12,0,12,384,2,248,0,3,107,146,132
32,23,439,11,0,25,475,3,287,5,6,142,169,168
32,24,343,10,0,18,371,1,247,0,1,113,149,114
32,25,429,10,1,25,465,1,303,7,6,128,173,165
32,26,438,14,3,17,472,4,320,7,3,158,182,135
32,27,309,7,1,13,330,1,203,2,5,106,131,95
32,28,642,23,3,20,688,4,447,11,5,180,286,223
32,29,378,10,0,13,401,1,264,6,3,95,156,154
32,30,415,18,1,12,446,2,260,4,7,114,169,165
32,31,440,13,2,23,478,4,277,6,8,135,173,172
33,1,402,64,1,59,526,68,26,224,39,138,177,220
33,2,414,78,1,58,551,72,25,271,27,137,195,220
33,3,329,57,4,50,440,72,33,178,26,117,170,158
33,4,351,61,3,32,447,69,44,179,15,140,167,142
33,5,387,57,2,36,482,55,84,176,12,120,187,177
33,6,484,70,1,76,631,54,70,251,22,153,194,287
33,7,618,61,2,75,756,70,113,292,32,198,246,317
33,8,484,48,3,45,580,52,90,203,31,152,204,229
33,9,472,74,0,53,599,75,73,219,18,168,201,232
33,10,418,45,6,53,522,49,70,217,22,136,182,211
33,11,512,90,5,72,679,67,94,253,35,192,220,272
33,12,595,75,4,69,743,48,65,335,50,204,231,314
33,13,467,80,3,70,620,62,71,253,29,176,210,238
33,14,414,58,1,46,519,72,76,195,24,148,168,209
33,15,458,42,3,54,557,54,85,231,20,145,182,234
33,16,395,47,0,39,481,52,60,176,24,144,152,188
33,17,400,41,1,40,482,20,77,243,6,137,169,181
33,18,414,33,3,42,492,39,108,179,11,134,190,172
33,19,529,41,0,52,622,52,119,260,22,168,206,254
33,20,420,36,0,48,504,39,101,195,17,139,166,205
33,21,362,19,0,45,426,24,113,144,15,107,150,172
33,22,597,64,1,68,730,39,124,296,29,199,244,295
33,23,422,45,2,42,511,42,98,211,18,131,162,222
33,24,500,41,0,38,579,54,119,217,14,165,202,218
34,1,451,14,1,17,483,4,258,7,7,130,187,168
34,2,581,15,2,29,627,9,358,5,9,161,273,195
34,3,449,8,2,15,474,1,308,2,4,119,200,155
34,4,376,9,4,21,410,2,265,1,2,122,167,127
34,5,447,10,0,17,474,7,266,4,3,125,211,139
34,6,602,19,4,34,659,4,368,9,11,187,254,221
34,7,551,15,5,28,599,2,339,4,6,157,258,190
34,8,629,15,5,26,675,4,408,5,15,166,279,232
34,9,448,13,1,24,486,3,278,6,9,146,198,145
34,10,612,12,3,34,661,4,408,5,11,178,258,227
34,11,625,17,2,30,674,2,393,2,6,213,264,200
34,12,633,17,8,21,679,3,389,4,10,185,274,223
34,13,567,22,4,26,619,23,307,1,9,169,225,226
34,14,712,22,4,50,788,21,373,5,8,239,324,230
34,15,643,14,2,29,688,6,376,13,17,174,332,187
34,16,477,27,2,30,536,32,267,2,6,160,194,184
34,17,555,32,4,39,630,32,309,3,11,170,253,209
34,18,555,25,2,35,617,25,303,1,4,161,236,221
34,19,780,27,4,49,860,50,393,8,13,246,324,294
34,20,725,34,7,47,813,33,385,10,8,208,301,307
34,21,666,25,1,44,736,32,353,6,6,186,293,259
34,22,557,27,7,40,631,69,250,11,8,163,246,228
34,23,447,80,8,64,599,156,95,15,6,179,202,219
34,24,646,24,8,26,704,29,343,5,7,211,257,238
34,25,498,115,10,151,774,125,150,13,20,250,278,250
34,26,375,16,1,24,416,8,225,2,7,101,173,146
34,27,499,24,2,31,556,39,246,2,10,151,205,206
34,28,480,21,1,32,534,60,225,5,8,141,215,179
34,29,520,15,2,31,568,38,238,1,9,137,209,225
34,30,498,20,3,31,552,38,243,8,9,129,214,211
34,31,543,35,2,47,627,52,259,2,13,154,235,238
34,32,427,11,5,16,459,30,203,3,8,129,197,135
34,33,557,20,2,31,610,33,253,6,8,142,220,252
34,34,456,44,2,30,532,105,174,3,9,170,222,141
34,35,380,14,2,13,409,4,234,2,7,103,170,137
34,36,371,15,3,15,404,4,231,2,8,125,173,108
34,37,452,13,4,15,484,20,216,4,9,111,205,171
34,38,445,13,3,25,486,9,273,4,3,138,190,160
34,39,510,31,4,38,583,45,240,10,12,139,232,213
34,40,453,17,1,20,491,31,211,1,8,129,190,173
34,41,642,28,5,39,714,32,327,6,8,196,272,247
34,42,457,12,1,26,496,3,286,8,4,136,203,161
35,1,515,106,3,71,695,169,124,51,18,213,276,210
35,2,416,163,5,67,651,175,98,71,13,195,248,210
35,3,412,101,6,56,575,170,80,65,19,185,214,179
35,4,321,77,3,48,449,104,56,60,13,138,158,154
35,5,471,275,2,52,800,381,86,48,9,200,364,237
35,6,456,96,5,49,606,100,147,80,28,162,223,222
35,7,491,151,1,75,718,201,105,55,28,234,264,223
35,8,383,59,9,44,495,125,102,47,18,149,190,160
35,9,579,97,6,60,742,126,182,100,19,184,273,288
35,10,426,53,4,32,515,75,169,58,17,146,194,177
35,11,444,62,2,40,548,55,161,50,22,141,194,217
35,12,431,74,1,37,543,72,144,75,33,147,209,190
35,13,570,39,2,46,657,53,238,71,8,172,253,235
35,14,387,37,1,38,463,44,178,38,14,102,195,168
35,15,409,31,4,42,486,55,164,55,10,129,204,153
35,16,453,36,2,45,536,41,181,67,8,142,202,196
35,17,457,39,2,40,538,45,178,70,10,151,177,213
35,18,488,28,2,44,562,26,225,63,10,131,221,214
35,19,460,43,1,27,531,38,211,51,24,158,181,194
35,20,414,56,5,50,525,63,150,53,28,161,183,182
35,21,513,45,2,37,597,43,184,88,22,141,229,236
35,22,544,47,2,30,623,51,239,96,12,166,238,221
35,23,493,26,3,46,568,34,192,87,23,151,223,198
35,24,435,34,1,36,506,59,169,44,12,115,187,205
35,25,369,63,2,33,467,81,120,59,12,127,172,170
35,26,364,40,4,28,436,41,121,79,18,112,180,147
35,27,268,46,4,37,355,25,73,53,48,101,113,142
35,28,454,20,1,23,498,20,241,44,12,101,209,191
35,29,351,56,3,59,469,37,107,62,69,130,171,177
35,30,375,52,4,48,479,47,88,62,55,143,144,196
35,31,390,32,1,46,469,44,145,56,18,118,184,169
35,32,337,117,4,44,502,167,74,39,17,146,203,157
36,1,409,28,2,50,489,34,194,9,7,165,167,158
36,2,355,26,3,42,426,34,181,4,4,126,170,131
36,3,377,22,2,38,439,19,203,1,8,129,163,148
36,4,312,14,1,19,346,5,186,3,5,92,141,113
36,5,425,24,7,36,492,12,262,6,8,138,179,176
36,6,480,14,1,55,550,25,273,5,7,167,199,187
36,7,394,15,4,41,454,14,232,10,6,155,140,162
36,8,432,11,0,24,467,11,254,7,9,145,167,157
36,9,385,17,1,34,437,13,216,4,6,130,149,160
36,10,452,21,3,36,512,15,271,4,14,153,187,175
36,11,431,21,5,28,485,15,252,7,18,120,192,177
36,12,362,11,1,31,405,11,208,4,6,123,137,147
36,13,463,19,1,25,508,13,310,5,15,156,186,167
36,14,358,41,2,27,428,80,190,4,3,112,201,118
36,15,438,10,4,21,473,6,296,6,4,141,172,161
36,16,481,15,1,25,522,8,300,4,13,138,207,178
36,17,375,11,3,29,418,6,246,1,6,116,167,136
36,18,404,24,0,15,443,4,274,1,7,121,174,150
36,19,485,16,1,27,529,4,345,3,6,149,208,175
36,20,346,10,3,13,372,10,207,1,4,120,136,117
36,21,421,14,3,27,465,10,290,9,3,145,184,136
36,22,395,12,0,24,431,2,275,3,6,123,160,150
36,23,404,15,2,28,449,12,248,6,5,133,178,139
36,24,396,25,2,26,449,40,233,2,7,139,184,130
36,25,476,52,2,26,556,94,237,5,11,152,236,171
36,26,352,39,4,23,418,87,151,9,8,115,172,132
36,27,412,64,3,34,513,151,129,9,15,167,179,170
36,28,545,33,4,25,607,38,318,12,12,207,230,173
36,29,283,68,3,94,448,77,34,14,72,149,126,174
36,30,334,23,0,37,394,31,186,4,15,116,142,139
36,31,409,45,4,49,507,43,173,7,61,141,175,192
36,32,480,19,1,32,532,23,281,9,9,168,196,174
36,33,543,64,3,38,648,100,293,3,5,172,238,239
36,34,362,35,9,85,491,65,117,9,6,146,182,165
36,35,483,44,4,70,601,58,212,12,11,217,208,178
36,36,491,23,6,73,593,49,224,10,9,194,201,202
36,37,564,41,6,90,701,87,202,15,25,228,226,249
36,38,399,28,2,43,472,27,193,7,26,138,178,158
36,39,474,30,5,70,579,35,199,10,10,205,215,159
36,40,559,23,6,53,641,38,289,10,13,212,229,203
36,41,291,39,5,62,397,44,111,3,63,134,140,128
37,1,220,7,2,18,247,5,134,28,1,82,83,82
37,2,457,31,5,61,554,35,229,8,9,181,213,165
37,3,335,6,4,21,366,5,211,19,8,112,114,143
37,4,438,28,1,64,531,20,240,17,8,179,157,201
37,5,449,21,1,27,498,9,300,20,4,112,229,160
37,6,402,22,2,25,451,14,233,34,10,155,132,166
37,7,518,21,7,30,576,17,361,14,6,190,176,212
37,8,437,18,0,21,476,0,324,11,8,144,165,171
37,9,349,15,2,22,388,2,216,36,1,113,163,114
37,10,452,17,3,27,499,5,291,28,4,147,168,184
37,11,448,15,2,20,485,7,294,9,2,146,163,179
37,12,394,4,2,15,415,4,248,8,4,118,159,140
37,13,425,31,1,24,481,6,170,162,6,109,166,208
37,14,568,19,5,36,628,3,289,131,11,173,207,250
37,15,459,19,2,31,511,9,133,236,15,138,170,206
37,16,455,39,2,38,534,2,132,229,11,132,176,229
37,17,415,25,3,43,486,14,132,193,14,105,175,208
37,18,567,34,2,50,653,6,163,297,19,165,208,290
37,19,427,34,0,43,504,7,67,306,11,147,146,215
37,20,439,26,0,57,522,2,85,300,16,132,165,230
37,21,585,34,2,59,680,5,208,243,9,174,245,269
38,1,381,15,0,20,416,6,260,4,5,80,168,172
38,2,636,22,5,23,686,7,426,8,3,162,249,275
38,3,711,25,1,27,764,2,485,5,5,207,304,257
38,4,582,20,2,12,616,1,400,6,5,167,247,202
38,5,577,21,2,14,614,4,395,2,5,162,225,231
38,6,590,21,3,35,649,3,404,2,4,182,262,208
38,7,582,19,1,32,634,5,411,3,7,155,262,217
38,8,515,10,2,18,545,2,333,2,5,164,206,176
38,9,742,87,13,126,968,69,319,13,13,302,382,288
38,10,513,23,0,28,564,17,332,5,3,141,230,193
38,11,330,60,6,41,437,204,13,8,5,149,166,123
38,12,408,65,6,94,573,172,60,17,12,196,210,169
38,13,419,83,2,93,597,235,16,8,13,193,251,154
38,14,375,67,7,96,545,174,31,3,7,171,213,161
38,15,421,73,8,110,612,168,56,1,8,211,209,194
38,16,350,76,8,95,529,192,18,5,13,182,192,156
38,17,565,42,3,79,689,58,211,8,18,215,289,189
38,18,385,73,7,66,531,215,20,7,11,181,222,129
38,19,274,29,3,27,333,18,120,2,2,91,133,110
38,20,274,80,6,60,420,158,11,5,6,135,161,130
38,21,614,21,1,25,661,0,426,2,7,179,227,259
39,1,350,81,1,47,479,232,4,17,11,137,168,175
39,2,302,37,2,36,377,111,43,13,32,120,111,147
39,3,499,66,3,36,604,334,5,9,7,169,218,218
39,4,307,60,3,36,406,192,11,13,16,150,132,126
39,5,360,38,5,47,450,107,101,37,24,129,156,167
39,6,406,41,2,20,469,261,2,3,3,155,153,161
39,7,615,70,4,39,728,359,2,9,1,221,257,250
39,8,437,54,6,56,553,276,7,17,15,183,210,161
39,9,360,26,2,48,436,65,112,37,21,140,136,161
39,10,454,33,4,54,545,73,188,18,56,173,193,184
39,11,279,37,1,51,368,76,44,13,63,120,119,131
39,12,276,80,3,35,394,190,9,10,22,126,149,124
39,13,427,53,2,58,540,136,105,14,49,130,207,207
39,14,184,176,2,20,382,245,2,0,12,114,132,136
39,15,545,60,3,31,639,339,2,3,3,170,219,250
39,16,277,59,2,41,379,129,32,15,28,121,126,134
39,17,297,50,3,57,407,116,35,19,38,106,145,160
39,18,233,56,1,44,334,131,16,23,20,101,114,120
39,19,246,45,4,49,344,110,23,14,47,109,114,125
39,20,504,50,3,44,601,360,2,7,11,192,206,206
39,21,593,52,5,21,671,347,3,5,6,181,229,263
39,22,431,52,6,56,545,251,32,15,22,197,166,183
39,23,257,36,3,34,330,65,33,10,52,96,78,160
39,24,570,72,2,55,699,264,79,45,28,186,235,280
39,25,462,100,5,50,617,353,2,11,8,214,224,182
39,26,453,90,7,84,634,238,11,13,30,203,211,222
39,27,388,82,2,70,542,238,3,17,32,157,191,196
39,28,422,33,3,51,509,38,216,11,21,164,164,182
39,29,359,59,5,21,444,263,1,8,8,126,162,157
39,30,464,62,4,99,629,231,14,15,19,205,250,175
39,31,425,107,5,40,577,328,3,6,8,184,201,193
39,32,318,43,1,55,417,138,34,20,20,131,133,156
39,33,330,87,2,28,447,257,2,11,7,131,150,170
39,34,341,44,5,62,452,188,25,16,36,125,157,171
39,35,426,72,4,68,570,266,11,15,32,181,198,196
39,36,415,102,5,30,552,346,1,9,4,164,180,208
39,37,459,97,4,63,623,304,6,6,12,190,225,208
39,38,479,77,3,66,625,299,8,15,27,191,193,242
39,39,418,102,3,36,559,347,1,12,4,175,200,186
39,40,346,37,5,69,457,60,71,18,84,138,145,181
39,41,389,135,4,35,563,350,0,5,8,174,225,164
39,42,359,91,5,45,500,279,6,4,8,161,189,152
39,43,341,74,2,31,448,255,7,4,7,118,159,172
39,44,406,106,4,50,566,279,16,16,28,163,213,194
39,45,565,88,12,85,750,308,7,10,13,249,284,220
39,46,535,94,10,88,727,335,5,10,22,239,278,214
40,1,323,44,3,19,389,47,155,1,19,119,135,140
40,2,468,17,1,27,513,3,322,0,5,158,166,192
40,3,722,23,4,45,794,14,457,4,6,192,313,296
40,4,613,17,3,42,675,5,442,8,5,131,360,189
40,5,722,25,0,31,778,6,485,4,10,177,323,280
40,6,457,23,2,39,521,35,278,4,5,150,188,186
40,7,592,19,3,28,642,6,360,8,8,169,257,219
40,8,440,9,1,25,475,5,279,1,3,153,165,158
40,9,566,23,3,44,636,5,338,3,11,178,264,200
40,10,405,24,1,49,479,23,236,1,18,131,187,163
40,11,603,40,1,52,696,34,354,3,23,317,172,214
40,12,446,29,1,41,517,28,244,2,15,133,213,178
40,13,585,20,5,37,647,28,352,3,6,168,248,236
40,14,585,36,1,49,671,41,284,5,20,173,244,256
40,15,372,13,3,32,420,31,207,1,18,127,154,141
40,16,414,26,3,33,476,23,216,2,14,130,182,169
40,17,341,47,0,26,414,36,185,2,15,120,142,154
40,18,393,16,2,25,436,19,222,2,10,120,159,158
40,19,452,52,4,45,553,24,239,6,65,163,209,187
40,20,376,27,5,37,445,20,203,5,28,140,176,133
40,21,329,28,3,41,401,23,153,3,53,111,164,135
40,22,334,26,3,20,383,24,188,3,4,102,148,137
40,23,443,30,6,46,525,20,215,1,27,127,181,220
40,24,626,31,3,51,711,22,364,0,16,180,256,278
40,25,425,28,1,51,505,25,231,3,25,135,185,187
40,26,422,25,2,28,477,17,236,5,20,142,177,165
40,27,363,22,3,27,415,26,199,5,2,113,151,152
40,28,602,55,4,45,706,76,306,5,34,209,267,234
40,29,474,31,0,30,535,27,269,3,7,143,188,206
40,30,605,24,1,32,662,25,306,8,13,173,318,174
40,31,457,27,0,22,506,46,235,2,9,134,186,188
40,32,488,29,2,44,563,25,246,5,21,154,196,214
40,33,358,21,1,19,399,18,182,7,18,121,148,135
40,34,267,14,1,13,295,3,163,3,9,67,110,120
40,35,464,26,4,26,520,61,218,3,12,143,185,195
40,36,444,40,4,34,522,37,247,4,5,141,182,203
40,37,588,55,3,58,704,85,266,6,21,206,262,238
40,38,675,22,6,20,723,31,382,4,17,204,278,245
40,39,385,17,1,32,435,25,217,4,8,108,156,172
40,40,726,51,7,62,846,34,394,6,16,263,307,277
40,41,434,21,0,14,469,26,215,7,11,131,163,180
40,42,534,30,3,50,617,30,255,11,12,200,237,182
40,43,376,29,5,27,437,54,193,7,16,121,135,183
40,44,533,20,0,27,580,29,317,2,7,177,219,188
40,45,521,23,2,30,576,32,284,4,15,159,220,197
40,46,515,32,0,30,577,33,313,8,10,171,203,204
40,47,173,6,1,8,188,4,118,1,3,36,91,65
40,48,496,37,3,28,564,73,202,10,11,154,207,203
40,49,457,50,8,33,548,115,158,2,23,144,198,206
40,50,450,28,2,27,507,62,220,1,14,133,211,165
40,51,418,27,1,25,471,32,209,2,7,135,164,174
41,1,386,62,3,39,490,107,99,68,10,130,186,178
41,2,434,65,2,34,535,130,114,66,8,160,215,163
41,3,342,53,1,38,434,102,85,50,11,113,183,139
41,4,434,74,3,47,558,193,70,59,13,160,193,206
41,5,243,62,0,34,339,98,43,44,7,108,112,124
41,6,390,75,5,53,523,187,56,64,18,171,197,157
41,7,329,75,4,36,444,126,79,59,12,134,175,136
41,8,438,79,3,42,562,159,88,52,9,161,224,180
41,9,349,86,4,38,477,145,76,57,5,129,181,169
41,10,380,62,5,46,493,149,51,58,6,154,168,172
41,11,311,87,8,31,437,147,59,37,15,129,160,149
41,12,361,55,2,46,464,166,65,58,12,138,195,134
41,13,403,99,0,41,543,197,65,52,12,167,215,165
41,14,384,79,3,37,503,195,57,43,7,160,176,167
41,15,371,84,3,60,518,186,67,35,20,169,193,157
41,16,244,68,3,32,347,115,34,25,9,108,131,109
41,17,290,77,2,24,393,181,23,27,7,127,142,125
41,18,279,82,4,26,391,166,21,27,8,120,144,128
41,19,281,106,3,35,425,175,33,31,6,125,156,147
41,20,376,67,5,34,482,163,61,42,7,142,187,153
41,21,326,90,3,36,455,186,51,36,6,130,177,151
41,22,348,61,1,50,460,142,41,45,10,131,177,153
41,23,376,96,3,45,520,218,29,43,9,146,201,175
41,24,397,81,1,44,523,235,39,25,10,156,198,170
41,25,403,96,2,62,563,204,52,58,10,163,199,202
41,26,298,64,6,32,400,161,42,22,7,126,155,122
42,1,659,74,3,104,840,55,129,308,36,225,263,355
42,2,423,47,0,51,521,21,56,246,39,135,171,222
42,3,539,41,4,51,635,36,114,269,15,160,230,250
42,4,508,39,2,55,604,11,111,263,20,159,204,246
42,5,666,54,2,65,787,31,186,298,29,200,267,330
42,6,437,70,3,57,567,35,77,188,84,152,207,216
42,7,479,42,2,58,581,20,112,246,18,146,203,236
42,8,547,63,1,81,692,27,76,282,52,168,210,319
42,9,453,56,2,65,576,27,125,182,43,140,179,263
42,10,484,65,2,64,615,21,121,198,56,163,203,254
42,11,681,40,2,60,783,36,197,236,35,191,267,330
42,12,524,38,1,56,619,18,207,116,23,168,213,240
42,13,849,28,4,77,958,16,372,220,26,221,336,408
42,14,628,46,0,76,750,29,215,160,34,226,238,291
42,15,624,62,4,75,765,34,236,108,62,195,220,356
42,16,536,57,5,60,658,21,193,131,57,197,214,252
42,17,530,38,2,41,611,29,184,161,34,148,200,266
42,18,571,58,2,53,684,50,201,122,40,166,248,273
42,19,620,61,3,72,756,37,204,125,54,205,263,292
42,20,661,31,2,66,760,21,294,136,39,203,260,302
42,21,386,26,1,27,440,15,172,79,24,119,176,148
42,22,646,52,2,52,752,36,148,282,27,191,257,310
42,23,335,36,1,29,401,19,55,165,13,116,134,157
42,24,577,41,3,49,670,39,195,123,52,185,224,270
42,25,442,20,1,48,511,23,201,22,34,154,174,186
43,1,453,26,3,30,512,21,284,20,7,158,165,191
43,2,630,37,2,49,718,20,213,253,29,167,250,307
43,3,578,36,3,51,668,10,121,316,19,163,212,297
43,4,591,46,3,60,700,13,169,309,26,183,230,288
43,5,549,26,3,68,646,6,202,275,11,166,203,286
43,6,554,35,3,61,653,10,82,382,19,155,216,292
43,7,742,40,2,72,856,4,184,430,17,196,283,385
43,8,582,34,1,62,679,8,172,292,18,176,220,289
43,9,448,21,0,31,500,15,252,21,9,149,178,177
43,10,403,13,2,25,443,8,264,13,10,143,157,147
43,11,363,30,0,40,433,8,31,279,17,108,149,183
43,12,518,47,1,41,607,10,61,340,26,166,176,269
43,13,450,29,0,36,515,12,190,119,14,146,179,197
43,14,482,20,1,35,538,10,306,24,9,142,203,195
43,15,416,11,2,22,451,4,253,32,5,135,179,138
43,16,470,19,1,30,520,5,230,112,10,145,182,197
43,17,418,35,3,53,509,13,75,294,10,142,151,221
43,18,655,56,5,80,796,15,72,474,28,188,238,374
43,19,625,33,2,61,721,5,193,288,24,170,234,325
43,20,505,37,1,48,591,4,101,310,22,137,181,280
43,21,412,11,4,32,459,9,153,148,12,126,164,174
43,22,287,13,0,11,311,7,192,1,5,89,115,109
43,23,345,11,0,25,381,8,206,15,7,109,143,131
43,24,428,16,2,32,478,1,269,17,12,124,182,174
43,25,455,35,3,39,532,4,185,183,13,135,183,221
44,1,519,21,1,30,571,5,326,2,3,160,241,171
44,2,557,13,4,34,608,3,384,2,9,160,268,184
44,3,440,16,0,21,477,0,297,2,8,140,198,140
44,4,478,30,3,16,527,1,304,3,7,147,208,176
44,5,404,18,0,23,445,14,249,8,5,141,162,145
44,6,570,37,1,24,632,7,362,1,6,167,258,210
44,7,562,23,2,19,606,1,364,2,4,151,266,191
44,8,450,13,3,26,492,19,245,11,10,143,206,144
44,9,427,12,1,16,456,2,273,2,7,116,163,179
44,10,400,14,1,33,448,10,250,2,7,121,176,153
44,11,605,10,2,27,644,11,389,4,10,172,268,208
44,12,306,8,0,15,329,1,218,2,9,81,140,108
44,13,454,7,2,20,483,5,296,1,3,125,183,177
44,14,487,14,4,27,532,4,315,4,2,157,205,173
44,15,470,14,2,37,523,3,288,5,10,162,200,166
44,16,426,15,5,25,471,2,253,2,10,135,168,171
44,17,348,5,3,21,377,2,200,4,8,120,128,130
44,18,428,10,1,25,464,2,252,5,5,126,201,140
44,19,484,23,3,30,540,10,319,1,5,160,210,173
45,1,291,239,5,37,572,301,1,13,11,166,207,200
45,2,396,120,4,52,572,182,59,102,9,174,194,207
45,3,434,386,6,54,880,443,5,16,4,256,299,326
45,4,348,240,4,57,649,384,1,4,5,198,246,205
45,5,350,203,3,57,613,329,12,24,10,190,217,210
45,6,332,169,2,62,565,298,7,14,3,201,210,155
45,7,260,121,4,47,432,226,2,15,3,123,164,147
45,8,416,104,3,56,579,129,101,124,9,218,167,199
45,9,449,64,5,49,567,103,105,161,12,199,204,170
45,10,461,69,4,54,588,83,113,190,9,165,202,224
45,11,467,75,3,63,608,101,123,160,22,192,208,214
45,12,228,86,3,39,356,145,24,35,4,103,128,128
45,13,386,89,3,54,532,116,90,111,11,157,178,200
45,14,110,29,1,17,157,59,4,30,5,48,56,54
45,15,304,180,6,56,546,299,2,11,5,158,200,190
45,16,346,47,2,51,446,74,73,131,10,114,182,156
45,17,513,86,2,65,666,117,125,163,12,198,247,224
45,18,362,75,3,50,490,91,97,129,6,140,179,173
45,19,451,64,1,39,555,66,117,158,10,164,206,188
45,20,343,233,7,35,618,347,1,4,2,207,234,179
45,21,320,81,2,32,435,95,94,67,10,126,155,157
45,22,261,179,4,45,489,273,3,4,1,142,187,160
45,23,335,211,2,37,585,335,11,7,2,182,210,193
45,24,384,286,4,54,728,388,3,7,6,200,251,278
45,25,262,187,4,43,496,260,8,13,4,166,169,161
46,1,568,28,14,136,746,142,83,10,30,234,269,245
46,2,498,21,7,97,623,83,173,7,7,202,238,188
46,3,568,17,4,84,673,36,276,6,9,212,233,233
46,4,462,14,3,20,499,10,283,1,4,138,203,162
46,5,483,8,0,30,521,3,324,5,6,129,228,168
46,6,658,15,1,28,702,3,401,2,3,194,263,245
46,7,478,17,11,88,594,91,140,8,14,182,252,165
46,8,651,29,7,147,834,130,156,16,25,258,310,276
46,9,535,11,5,112,663,77,142,11,20,190,247,230
46,10,469,15,5,48,537,27,227,9,10,148,205,184
46,11,545,17,2,35,599,10,315,3,4,167,226,211
46,12,598,16,1,26,641,1,381,1,7,158,241,243
46,13,513,18,2,18,551,4,324,3,5,143,228,183
46,14,407,10,2,21,440,2,251,0,8,102,180,159
46,15,545,7,2,13,567,1,332,1,9,151,256,160
46,16,610,36,11,98,755,123,131,10,30,252,257,249
46,17,698,45,5,146,894,219,96,7,27,272,364,259
46,18,442,32,4,110,588,89,84,4,24,184,219,188
46,19,695,55,12,154,916,167,101,12,34,261,347,311
46,20,499,7,1,24,531,3,309,4,6,132,240,161
46,21,442,10,0,25,477,2,276,3,5,138,196,147
46,22,663,27,7,96,793,57,294,6,16,218,327,254
46,23,578,32,10,139,759,121,77,12,25,216,309,238
47,1,566,40,7,102,715,58,258,35,14,273,196,250
47,2,330,28,4,58,420,19,160,10,11,134,138,149
47,3,634,58,11,149,852,78,201,16,27,253,382,223
47,4,229,8,0,23,260,12,148,4,5,97,73,94
47,5,356,15,3,30,404,7,214,7,7,107,182,116
47,6,406,38,2,89,535,35,162,4,13,191,187,164
47,7,343,11,3,51,408,22,155,3,7,138,146,126
47,8,403,17,4,47,471,12,232,5,5,110,200,162
47,9,288,11,1,20,320,5,185,5,8,95,145,82
47,10,226,17,0,26,269,18,128,3,2,89,94,86
47,11,304,14,0,13,331,0,212,3,2,87,116,128
47,12,603,83,4,210,900,93,160,13,24,267,343,301
47,13,304,8,2,13,327,2,183,2,6,95,136,98
47,14,202,13,0,16,231,7,128,13,4,86,77,69
48,1,421,29,3,54,507,52,177,5,41,146,205,165
48,2,518,24,1,29,572,16,291,5,20,151,203,222
48,3,583,26,3,48,660,9,354,5,15,164,254,244
48,4,565,20,3,19,607,8,315,9,7,178,227,205
48,5,369,17,4,56,446,50,167,6,26,128,177,142
48,6,441,20,0,31,492,16,258,4,7,136,192,165
48,7,394,66,4,39,503,150,142,3,27,122,202,180
48,8,550,19,3,41,613,36,289,7,8,158,244,213
48,9,388,33,0,38,459,22,210,5,31,127,180,159
48,10,368,70,8,30,476,137,99,10,26,150,169,158
48,11,215,4,0,13,232,2,134,6,3,48,117,69
48,12,459,63,2,66,590,105,159,19,36,169,204,221
48,13,465,76,5,83,629,115,140,12,86,189,199,247
48,14,283,47,4,60,394,93,42,9,46,126,118,151
48,15,517,43,6,38,604,93,231,5,19,167,245,197
48,16,414,58,6,41,519,73,155,12,22,137,186,198
48,17,464,63,3,56,586,90,183,15,24,173,212,207
48,18,284,43,1,70,398,38,93,7,56,104,139,158
48,19,237,76,1,37,351,130,27,11,42,92,111,151
48,20,289,50,4,73,416,102,27,11,42,136,140,143
48,21,981,35,4,39,1059,13,666,13,10,251,451,362
48,22,152,96,7,27,282,116,27,0,26,95,95,93
48,23,584,23,0,43,650,3,341,12,14,144,267,242
49,1,572,25,0,44,641,12,181,226,21,166,226,251
49,2,692,45,4,49,790,18,399,19,36,199,313,282
49,3,983,23,4,65,1075,24,581,10,22,349,439,290
49,4,577,20,1,33,631,7,372,18,8,163,241,229
49,5,698,29,7,39,773,13,434,19,14,242,286,248
49,6,544,12,1,35,592,12,316,4,14,178,219,198
49,7,757,31,3,40,831,4,454,14,14,265,277,291
49,8,679,23,5,54,761,37,388,19,13,221,305,241
49,9,1019,55,4,83,1161,18,422,230,65,292,438,443
49,10,608,16,1,46,671,8,344,14,16,184,264,228
49,11,597,31,2,43,673,12,334,12,28,173,274,230
49,12,701,32,3,52,788,4,429,15,20,232,291,270
49,13,404,22,4,27,457,6,199,70,4,126,168,164
49,14,517,37,0,40,594,8,332,35,6,158,224,216
49,15,601,26,3,33,663,5,403,17,11,186,257,223
49,16,617,20,2,29,668,5,395,15,18,189,254,225
49,17,723,22,5,56,806,12,430,18,18,232,290,290
49,18,633,18,4,39,694,32,337,3,15,220,302,176
49,19,672,25,2,32,731,7,402,43,6,182,271,285
49,20,663,25,2,47,737,10,411,9,12,203,283,253
49,21,881,48,3,73,1005,19,531,19,23,310,372,330
49,22,854,30,5,39,928,17,512,32,15,252,339,342
50,1,508,11,5,18,542,4,315,4,13,146,229,169
50,2,652,14,4,28,698,9,423,1,5,190,296,214
50,3,645,12,2,44,703,7,389,8,9,210,269,228
50,4,617,5,2,26,650,4,380,5,8,172,306,174
50,5,598,20,3,24,645,14,371,2,7,184,282,180
50,6,529,15,1,21,566,3,318,5,9,148,259,161
50,7,699,13,4,25,741,7,444,0,8,227,311,205
50,8,660,16,4,30,710,8,383,2,7,183,295,235
50,9,607,9,5,22,643,8,342,4,17,184,279,183
50,10,546,12,7,33,598,11,339,2,8,163,260,175
50,11,429,13,0,22,464,5,257,3,9,131,194,139
50,12,597,18,0,28,643,7,357,3,7,172,274,197
50,13,539,16,4,29,588,3,349,4,6,181,227,183
50,14,514,9,4,21,548,8,329,3,6,164,226,158
50,15,549,15,2,19,585,8,336,2,8,162,253,171
50,16,726,23,0,37,786,11,438,8,10,216,336,235
50,17,588,6,4,34,632,5,341,1,10,182,290,161
50,18,571,11,2,28,612,4,383,2,6,161,265,187
50,19,695,7,3,32,737,6,446,3,11,212,279,249
50,20,658,20,2,21,701,6,410,0,10,199,269,234
50,21,742,15,2,26,785,15,467,4,12,232,338,216
50,22,691,5,4,26,726,4,408,6,8,190,308,228
50,23,460,6,0,13,479,4,277,2,5,131,201,147
50,24,654,19,1,38,712,7,404,7,7,200,290,225
50,25,516,13,4,31,564,8,298,1,6,147,225,193
50,26,610,12,2,26,650,4,385,5,6,196,265,190
50,27,561,10,3,19,593,6,348,1,5,177,259,158
50,28,672,9,0,32,713,6,417,6,8,204,277,235
50,29,704,18,2,32,756,7,434,3,8,204,284,272
50,30,536,6,1,29,572,3,329,5,6,145,244,185
51,1,436,16,0,17,469,6,305,1,5,135,183,153
51,2,446,12,3,22,483,13,257,6,9,141,182,161
51,3,511,15,2,21,549,7,306,1,5,168,199,185
51,4,466,12,0,23,501,4,289,1,5,132,191,181
51,5,514,19,4,46,583,12,304,5,7,145,239,200
51,6,554,17,4,124,699,85,174,11,17,209,285,209
51,7,417,12,2,34,465,4,270,6,4,136,183,148
51,8,476,12,1,13,502,6,290,2,5,129,204,170
51,9,464,12,2,23,501,3,306,5,2,132,171,201
51,10,415,41,3,19,478,48,236,2,6,119,192,169
51,11,413,13,0,22,448,7,261,1,6,121,164,163
51,12,532,19,3,24,578,5,349,4,8,150,233,197
51,13,570,19,3,31,623,4,359,6,8,179,253,193
51,14,544,20,1,55,620,32,288,4,8,174,247,199
51,15,531,11,5,27,574,4,308,1,3,165,232,179
51,16,484,8,0,24,516,1,327,1,10,123,194,201
51,17,506,18,2,29,555,3,333,3,4,141,210,205
51,18,572,4,4,23,603,2,352,1,5,162,232,210
51,19,411,10,0,10,431,1,266,3,5,117,192,123
51,20,453,17,5,19,494,5,291,2,6,131,192,173
51,21,370,13,1,26,410,2,248,2,7,112,155,144
51,22,503,19,2,22,546,1,318,3,6,151,203,196
51,23,419,14,2,20,455,2,265,5,6,131,179,150
51,24,553,22,2,39,616,3,380,3,7,175,221,225
51,25,636,22,1,34,693,20,392,2,10,173,287,234
51,26,449,17,0,15,481,13,292,1,0,100,186,195
51,27,444,15,0,15,474,2,290,1,12,135,181,161
51,28,524,17,2,21,564,3,321,1,3,157,219,191
52,1,395,12,1,24,432,5,246,3,8,121,165,147
52,2,449,31,8,35,523,67,152,3,22,120,272,133
52,3,277,45,3,57,382,43,63,8,16,123,136,127
52,4,237,22,1,38,298,24,97,7,9,103,127,69
52,5,579,146,9,178,912,106,243,8,14,244,339,339
52,6,434,18,7,27,486,50,182,6,8,115,194,178
52,7,502,50,7,76,635,72,176,11,16,142,276,218
52,8,620,35,4,28,687,58,351,10,14,177,314,200
52,9,574,59,4,49,686,85,278,9,13,176,318,195
52,10,452,25,4,24,505,63,179,1,11,131,234,141
52,11,580,44,4,57,685,49,277,7,10,172,270,244
52,12,637,98,15,58,808,157,238,5,9,246,304,263
52,13,589,22,6,43,660,17,341,10,9,184,284,192
52,14,501,60,2,81,644,55,237,6,16,194,250,204
52,15,614,40,5,54,713,16,368,9,8,212,249,258
52,16,772,31,8,61,872,56,394,9,14,257,372,247
52,17,629,20,3,28,680,5,371,4,9,184,288,208
52,18,560,14,3,20,597,8,356,4,5,154,246,202
52,19,576,18,6,38,638,11,367,7,4,198,248,197
52,20,488,37,3,36,564,42,252,6,11,153,232,183
52,21,589,25,3,22,639,4,419,3,3,185,258,201
52,22,582,13,0,18,613,2,350,0,0,158,254,203
52,23,610,10,5,24,649,3,383,5,7,180,264,205
52,24,605,12,3,29,649,5,384,3,6,175,274,205
52,25,718,22,3,28,771,5,442,6,8,210,302,263
52,26,617,21,3,30,671,5,380,1,9,200,276,196
52,27,643,11,3,34,691,4,420,6,7,198,277,217
52,28,388,40,5,55,488,96,130,13,5,125,232,132
53,1,478,52,1,39,570,83,146,61,32,156,210,210
53,2,519,35,2,54,610,66,167,87,16,157,220,238
53,3,446,33,0,48,527,64,132,65,31,139,199,192
53,4,503,53,1,48,605,64,188,57,23,154,206,248
53,5,539,55,5,63,662,70,199,77,34,190,206,270
53,6,405,40,2,50,497,97,132,54,29,151,183,166
53,7,439,53,2,66,560,53,165,50,41,139,201,228
53,8,344,47,2,28,421,59,113,44,17,117,162,144
53,9,342,33,0,50,425,53,103,52,30,111,163,153
53,10,312,41,2,36,391,75,88,44,13,114,150,139
53,11,338,49,4,41,432,84,86,47,33,131,161,143
53,12,426,85,3,68,582,125,99,55,39,172,215,198
53,13,429,46,1,52,528,80,106,55,33,143,189,199
53,14,360,77,3,38,478,92,81,40,36,135,168,179
53,15,368,123,4,45,540,153,55,46,23,157,231,153
53,16,343,80,4,48,475,146,32,59,38,141,174,167
53,17,330,89,5,55,479,159,42,42,26,140,156,186
53,18,401,103,7,58,569,164,72,48,30,157,198,219
53,19,397,92,3,71,563,154,75,31,37,140,221,204
53,20,384,131,7,63,585,222,49,61,24,200,219,170
53,21,407,207,2,60,676,234,69,52,22,203,253,222
53,22,387,69,3,42,501,131,73,51,35,131,183,192
53,23,336,38,0,44,418,49,72,77,29,114,171,139
54,1,416,34,2,45,497,70,146,52,20,135,215,150
54,2,551,39,3,55,648,52,208,71,17,171,252,229
54,3,381,26,7,36,450,65,106,53,24,139,165,146
54,4,391,24,0,63,478,58,116,59,23,110,195,180
54,5,365,43,2,53,463,62,106,60,35,125,159,183
54,6,402,43,3,35,483,75,93,59,31,144,182,162
54,7,368,49,5,58,480,97,82,45,36,131,180,169
54,8,334,40,4,56,434,107,79,32,32,124,154,162
54,9,398,47,2,53,500,101,103,58,23,122,196,185
54,10,316,65,2,44,427,117,52,45,36,126,163,140
54,11,294,31,5,35,365,66,78,37,30,107,137,124
54,12,370,40,1,47,458,70,91,47,29,133,151,174
54,13,358,50,2,43,453,72,85,70,29,125,158,176
54,14,265,36,3,46,350,84,49,36,23,91,124,141
54,15,249,45,1,41,336,94,39,36,31,114,109,116
54,16,293,54,1,54,402,89,48,38,38,109,145,153
54,17,317,35,1,37,390,86,69,50,20,122,144,127
54,18,363,54,3,46,466,94,84,45,29,122,178,168
54,19,259,32,1,40,332,109,39,38,25,97,131,111
54,20,317,48,2,64,431,104,64,30,39,120,164,151
54,21,314,47,3,51,415,124,38,51,27,121,152,145
54,22,312,49,2,41,404,103,37,52,27,115,138,152
55,1,399,106,0,28,533,169,49,67,13,153,198,185
55,2,451,117,1,49,618,183,99,65,15,183,221,218
55,3,422,126,3,60,611,191,59,65,8,178,191,245
55,4,447,86,8,36,577,201,61,54,8,166,193,219
55,5,442,97,3,43,585,185,66,71,9,157,225,204
55,6,371,124,3,46,544,201,45,46,14,166,166,213
55,7,513,107,3,48,671,226,61,66,12,196,227,252
55,8,284,139,7,48,478,196,19,19,11,136,156,187
55,9,278,103,3,41,425,153,38,50,8,115,159,154
55,10,338,84,4,38,464,143,66,35,12,139,157,171
55,11,322,169,7,36,534,248,16,35,4,141,170,224
55,12,294,180,4,32,510,253,11,18,8,132,179,199
55,13,257,153,3,25,438,182,5,25,11,105,154,179
55,14,337,136,4,36,513,234,14,23,12,136,168,209
55,15,341,128,3,51,523,226,22,19,16,157,181,188
55,16,344,172,3,49,568,245,24,27,16,171,188,209
55,17,316,165,6,40,527,242,27,27,10,162,188,179
55,18,260,140,2,45,447,208,15,13,10,135,167,148
55,19,243,226,3,33,505,250,5,7,9,155,178,172
55,20,294,176,2,39,511,228,7,18,6,157,167,187
55,21,339,184,3,51,577,289,10,15,8,155,212,212
55,22,290,149,3,38,480,223,25,16,4,158,155,168
55,23,245,106,2,37,390,155,14,13,13,127,147,118
55,24,318,204,4,37,563,245,21,31,9,163,202,201
55,25,404,136,3,41,584,214,77,39,10,182,218,187
55,26,411,131,3,44,589,220,45,57,6,177,199,215
55,27,296,122,4,26,448,200,29,32,12,141,171,139
55,28,311,109,3,31,454,208,31,30,7,127,184,146
55,29,389,203,3,57,652,282,33,48,14,192,218,244
56,1,429,88,4,58,579,190,48,53,46,170,215,196
56,2,296,91,5,44,436,181,26,39,32,153,158,129
56,3,264,71,1,45,381,128,34,25,23,117,135,131
56,4,311,109,5,42,467,161,53,31,11,149,184,139
56,5,219,94,2,65,380,140,25,29,5,122,135,126
56,6,424,202,0,40,666,351,18,23,21,192,284,190
56,7,438,168,7,56,669,302,43,39,13,232,239,199
56,8,530,212,7,59,808,423,32,52,19,255,267,288
56,9,295,134,4,63,496,207,34,19,18,183,184,131
56,10,265,137,5,41,448,189,18,21,9,152,166,132
56,11,245,105,4,56,410,159,21,23,14,130,159,123
56,12,372,106,2,52,532,221,30,29,18,162,182,191
56,13,310,78,6,45,439,171,26,37,23,128,181,132
56,14,283,65,3,43,394,148,25,26,18,128,141,127
56,15,273,81,4,47,405,149,23,35,22,117,150,139
56,16,305,95,9,51,460,198,18,28,8,142,171,151
56,17,349,98,3,56,506,188,34,27,32,147,188,174
56,18,281,95,2,54,432,182,17,13,18,135,162,139
56,19,505,187,1,99,792,274,45,33,60,242,294,263
56,20,268,46,2,41,357,137,12,23,18,106,125,127
56,21,422,80,6,84,592,204,38,27,21,170,223,202
56,22,452,91,2,56,601,309,13,9,16,129,179,295
56,23,407,124,9,56,596,246,25,41,20,190,205,205
56,24,334,77,4,75,490,183,33,19,39,143,177,171
56,25,485,61,2,41,589,152,40,39,20,203,243,144
56,26,357,105,4,61,527,228,20,41,23,174,177,179
56,27,278,71,3,28,380,186,14,21,11,122,140,121
56,28,324,72,3,52,451,153,49,28,26,154,150,147
56,29,430,93,2,60,585,304,23,15,14,139,207,244
56,30,611,180,13,141,945,340,60,14,31,259,316,374
56,31,449,132,4,83,668,286,25,21,40,193,248,231
56,32,242,101,3,34,380,172,17,21,12,128,129,124
56,33,251,88,5,43,387,137,28,28,23,118,149,121
56,34,362,46,5,40,453,92,89,19,19,140,201,113
56,35,369,70,6,56,501,147,84,27,23,149,210,143
56,36,270,59,5,39,373,136,32,17,13,113,153,107
56,37,289,86,2,48,425,151,29,26,17,140,161,125
56,38,339,105,6,54,504,180,55,21,24,144,215,149
56,39,453,108,13,89,663,216,43,21,41,215,250,201
56,40,303,65,1,44,413,123,40,44,34,119,146,153
56,41,627,119,8,116,870,262,126,42,33,268,331,278
57,1,321,179,4,59,563,312,14,13,3,167,220,179
57,2,491,203,8,57,759,328,78,29,8,236,289,236
57,3,379,212,4,59,654,302,24,20,17,196,220,241
57,4,318,128,2,32,480,218,15,41,23,149,190,141
57,5,290,98,7,43,438,165,19,34,30,131,163,146
57,6,730,125,10,95,960,318,132,43,28,295,375,296
57,7,500,97,7,83,687,175,111,44,19,215,290,186
57,8,421,157,5,68,651,263,33,26,49,192,222,240
57,9,285,99,4,40,428,173,19,27,17,136,135,159
57,10,485,171,10,70,736,248,46,37,44,248,241,249
57,11,359,193,5,42,599,308,14,38,7,160,226,213
57,12,312,213,4,58,587,313,16,18,10,211,185,192
57,13,314,320,3,41,678,411,1,4,4,224,248,207
57,14,317,213,3,35,568,323,4,10,6,187,221,160
57,15,371,157,5,52,585,274,35,15,16,182,213,191
57,16,268,164,7,33,472,240,7,18,10,142,182,149
57,17,332,174,2,39,547,300,9,4,6,159,210,179
57,18,374,168,12,41,595,307,26,6,7,180,223,192
57,19,294,106,2,32,434,225,15,11,7,137,152,146
57,20,299,121,3,48,471,186,24,23,25,124,171,179
57,21,251,133,2,42,428,219,14,17,12,146,169,115
57,22,272,132,6,23,433,261,2,3,5,138,167,128
57,23,402,134,5,51,592,259,32,20,23,162,211,220
57,24,284,114,7,43,448,176,32,22,9,135,153,161
57,25,305,124,7,43,479,233,19,19,17,143,182,154
57,26,443,78,0,56,577,170,103,23,28,159,234,186
57,27,649,69,7,81,806,118,224,48,30,269,335,206
57,28,280,125,3,31,439,247,7,1,3,130,148,162
58,1,298,96,6,79,479,169,15,19,32,123,163,198
58,2,326,63,2,59,450,102,49,23,36,147,171,140
58,3,619,241,8,144,1012,327,35,27,119,267,334,414
58,4,299,326,5,47,677,355,6,0,9,217,228,233
58,5,660,297,14,141,1112,422,68,51,31,343,362,411
58,6,319,173,7,55,554,272,6,24,18,151,203,202
58,7,275,157,1,38,471,219,16,21,17,130,156,189
58,8,519,182,11,137,849,318,50,33,45,227,261,366
58,9,319,214,0,44,577,334,3,25,12,178,222,177
58,10,398,176,11,58,643,301,4,31,24,165,226,252
58,11,304,194,3,75,576,252,23,18,31,167,203,208
58,12,331,131,10,81,553,200,13,21,29,160,174,223
58,13,302,181,7,55,545,235,6,14,50,163,198,190
58,14,234,149,3,47,433,221,3,14,29,129,136,173
58,15,276,69,4,56,405,97,13,7,69,93,130,187
58,16,290,202,4,41,537,270,3,7,17,161,193,183
58,17,376,174,3,79,632,227,7,25,80,198,207,227
58,18,503,141,8,111,763,206,66,25,62,221,273,274
58,19,448,241,13,63,765,372,3,32,31,230,281,257
58,20,387,154,7,70,618,226,38,15,6,186,240,194
58,21,325,283,7,61,676,352,15,15,8,219,238,220
58,22,266,192,8,49,515,230,13,18,19,148,167,200
58,23,379,200,9,56,644,291,18,31,33,190,224,236
58,24,511,237,3,71,822,375,50,18,10,350,271,202
58,25,367,158,9,73,607,209,30,24,40,197,182,233
58,26,394,176,1,53,624,293,4,15,20,190,198,238
58,27,443,145,3,107,698,241,42,17,46,188,252,263
58,28,334,161,5,45,545,242,9,20,33,186,193,167
58,29,483,293,9,77,862,423,12,25,15,252,308,305
58,30,318,151,7,69,545,252,7,7,38,154,173,224
58,31,556,216,8,87,867,340,68,19,59,246,314,312
58,32,190,80,6,67,343,162,6,6,16,103,120,120
58,33,300,150,4,95,549,220,11,8,14,148,169,237
58,34,352,172,6,69,599,304,8,13,18,167,195,242
58,35,637,264,10,95,1006,572,10,17,21,214,342,452
58,36,251,64,5,62,382,104,18,12,39,103,118,163
58,37,385,158,7,72,622,308,6,11,21,162,222,239
58,38,258,113,7,96,474,195,4,12,9,149,143,185
58,39,277,244,4,45,570,298,4,12,10,192,227,151
58,40,289,141,4,70,504,215,10,14,43,130,156,220
58,41,427,368,4,60,859,463,15,15,13,288,300,274
58,42,287,143,3,58,491,246,16,22,18,164,180,152
58,43,275,112,9,48,444,208,10,13,21,122,143,179
58,44,546,165,7,69,787,499,9,6,3,168,330,292
59,1,572,21,2,31,626,6,364,6,5,160,300,168
59,2,587,16,5,33,641,7,364,8,6,172,259,214
59,3,568,21,3,28,620,2,337,7,9,169,241,216
59,4,745,22,0,38,805,45,432,5,9,234,323,249
59,5,648,24,5,37,714,5,407,10,7,202,284,235
59,6,490,12,2,27,531,8,304,6,7,139,210,184
59,7,513,25,1,45,584,15,302,5,6,153,238,199
59,8,498,18,3,30,549,6,328,6,11,155,221,175
59,9,442,12,1,17,472,7,259,4,5,143,195,138
59,10,887,33,7,48,975,6,548,16,11,256,387,332
59,11,476,12,4,18,510,5,276,4,14,117,218,177
59,12,482,13,0,31,526,13,261,8,4,139,213,178
59,13,602,18,4,29,653,4,363,0,5,220,248,187
59,14,402,7,1,20,430,1,245,2,6,112,181,138
59,15,438,32,1,33,504,17,244,6,14,161,204,141
59,16,559,22,2,46,629,21,332,8,12,194,261,182
59,17,726,30,9,75,840,110,307,11,22,298,322,224
59,18,538,21,3,34,596,54,267,3,13,170,269,157
59,19,661,21,9,59,750,117,240,8,15,238,279,233
59,20,203,31,6,58,298,26,52,0,5,83,97,119
59,21,510,30,7,46,593,79,208,2,16,194,251,149
59,22,491,22,7,80,600,124,165,8,12,204,242,155
59,23,440,22,7,25,494,24,257,3,7,141,201,156
59,24,372,13,2,37,424,30,176,1,8,128,180,116
59,25,472,23,5,54,554,74,189,1,10,156,255,145
60,1,306,15,3,47,371,17,155,5,10,106,171,98
60,2,550,14,1,37,602,20,303,9,12,181,238,184
60,3,442,11,6,30,489,7,271,3,5,150,184,158
60,4,473,17,1,19,510,3,295,1,6,161,197,155
60,5,586,15,1,24,626,6,364,3,13,178,241,210
60,6,529,22,3,22,576,8,351,1,4,174,240,165
60,7,475,18,1,20,514,3,281,0,10,119,213,183
60,8,371,10,6,49,436,25,191,4,4,135,197,107
60,9,704,27,8,81,820,61,303,6,17,269,305,252
60,10,395,12,3,28,438,2,260,4,4,110,163,165
60,11,570,11,5,33,619,1,390,3,5,173,262,185
60,12,432,24,2,38,496,22,245,4,5,146,207,144
60,13,401,17,1,30,449,13,240,1,8,131,174,148
60,14,554,9,1,31,595,5,348,7,19,146,260,191
60,15,496,11,3,23,533,5,323,3,8,145,225,165
60,16,528,9,2,27,566,4,321,2,9,165,235,171
60,17,615,21,1,20,657,8,381,4,7,191,264,208
60,18,496,19,0,36,551,2,334,6,6,161,213,177
60,19,534,11,5,29,579,2,339,2,6,155,245,179
60,20,542,19,3,26,590,1,372,2,6,151,240,200
60,21,369,11,2,15,397,4,242,2,10,109,150,142
60,22,438,12,0,18,468,3,278,4,4,129,171,170
60,23,481,22,4,58,565,18,250,3,23,178,210,180
61,1,486,42,5,35,568,26,217,59,46,165,221,186
61,2,528,29,3,34,594,17,263,24,36,161,214,222
61,3,499,41,3,41,584,29,183,68,53,161,206,221
61,4,513,38,2,60,613,37,205,87,42,180,214,225
61,5,461,47,2,38,548,32,175,55,50,152,203,195
61,6,807,47,5,48,907,56,385,35,36,230,315,366
61,7,657,52,3,50,762,57,288,57,23,208,267,289
61,8,517,42,1,63,623,32,230,58,46,155,203,268
61,9,608,42,6,47,703,28,293,38,33,174,283,252
61,10,598,57,3,70,728,29,234,87,58,175,253,305
61,11,546,22,2,43,613,17,241,51,25,136,231,246
61,12,613,17,0,51,681,5,314,25,12,216,320,148
61,13,573,38,4,42,657,20,289,65,29,166,244,253
61,14,532,40,2,51,625,33,269,53,22,177,222,231
61,15,467,36,2,43,548,21,211,40,44,141,203,206
61,16,472,31,1,53,557,28,182,41,44,135,181,244
61,17,424,51,4,47,526,75,167,25,27,129,195,205
61,18,585,57,7,74,723,22,280,49,66,182,257,290
61,19,458,41,5,45,549,23,176,30,54,145,199,207
61,20,485,10,1,24,520,14,255,14,8,134,202,185
61,21,711,32,4,36,783,34,365,16,24,249,322,213
61,22,501,30,2,34,567,30,239,12,12,152,221,194
61,23,531,38,7,55,631,73,264,20,11,185,248,200
61,24,383,31,2,33,449,37,172,25,16,134,174,142
61,25,458,29,3,30,520,39,227,18,20,150,175,200
61,26,460,43,2,40,545,45,227,29,12,146,222,181
61,27,564,25,2,30,621,28,267,12,25,175,237,211
61,28,501,15,5,24,545,15,282,7,10,139,223,186
62,1,636,75,2,61,774,121,217,141,17,204,314,262
62,2,550,49,3,70,672,79,186,138,13,172,270,232
62,3,403,60,3,32,498,123,94,79,8,165,191,145
62,4,685,56,5,40,786,78,289,129,16,223,322,249
62,5,395,52,3,36,486,67,122,68,17,130,208,151
62,6,597,88,5,74,764,130,235,56,13,254,281,231
62,7,558,35,6,46,645,66,191,100,16,149,243,256
62,8,581,38,4,52,675,72,227,69,22,178,234,266
62,9,498,48,2,45,593,54,199,67,18,169,233,193
62,10,443,33,2,39,517,64,138,81,14,140,182,196
62,11,599,54,4,48,705,90,197,110,20,180,249,280
62,12,473,48,3,35,559,76,160,82,10,161,194,207
62,13,619,57,7,65,748,98,224,109,18,207,277,268
62,14,557,46,3,37,643,88,182,91,18,179,237,229
62,15,475,66,2,45,588,104,119,114,20,157,240,194
62,16,483,60,3,46,592,105,134,88,15,172,214,209
62,17,483,74,5,46,608,148,127,65,10,175,252,184
62,18,390,71,3,32,496,140,68,78,12,144,191,163
62,19,401,82,4,38,525,152,72,80,10,158,201,169
62,20,457,50,3,53,563,94,106,104,18,161,216,191
62,21,304,62,5,36,407,108,40,71,11,122,152,137
62,22,440,75,8,40,563,158,76,71,9,181,212,173
62,23,289,58,0,36,383,108,55,52,14,113,139,133
62,24,343,72,5,42,462,132,56,58,16,136,175,154
62,25,352,105,6,57,520,192,55,68,19,143,216,162
62,26,428,74,3,50,555,150,104,64,11,165,209,181
63,1,309,226,6,55,596,290,15,13,5,181,207,208
63,2,274,214,10,59,557,293,10,13,5,192,209,156
63,3,370,311,3,65,749,359,12,16,11,254,271,226
63,4,374,262,5,64,705,285,14,33,40,221,238,249
63,5,295,200,0,39,534,261,17,36,6,170,213,154
63,6,436,223,7,70,736,240,59,60,16,236,278,223
63,7,188,87,2,6,283,207,0,0,1,54,145,84
63,8,306,207,7,49,569,287,18,29,15,180,216,174
63,9,309,233,9,72,623,304,30,26,12,203,235,185
63,10,350,300,7,40,697,370,9,26,5,224,257,217
63,11,473,246,4,47,770,414,14,15,16,239,323,208
63,12,342,220,8,46,616,310,37,18,12,196,255,165
63,13,426,219,3,71,719,339,31,18,15,222,286,213
63,14,340,237,8,43,628,297,9,25,5,187,269,175
63,15,378,172,4,63,617,263,13,21,44,165,195,257
63,16,209,219,8,42,478,257,5,7,13,153,175,151
63,17,173,233,4,21,431,201,0,7,8,135,150,146
63,18,309,243,3,29,584,237,12,27,32,174,167,244
63,19,262,200,8,40,510,250,4,17,17,159,202,151
63,20,259,210,3,43,515,256,6,5,29,153,190,174
63,21,293,125,4,52,474,205,6,15,45,158,160,157
63,22,424,129,8,41,602,281,42,10,31,177,260,165
63,23,596,299,3,74,972,456,32,17,15,289,421,262
63,24,203,167,2,46,418,176,10,14,32,131,140,148
63,25,258,111,3,38,410,193,12,27,9,132,143,135
64,1,370,146,5,56,577,222,40,27,13,162,211,207
64,2,348,255,8,52,663,341,20,9,6,226,232,207
64,3,335,145,5,55,540,248,27,23,7,189,182,175
64,4,316,195,1,45,557,271,23,13,1,167,182,209
64,5,421,223,3,62,709,319,16,32,13,199,249,262
64,6,306,200,6,51,563,291,6,19,2,170,194,204
64,7,263,173,7,31,474,238,11,12,9,140,197,139
64,8,262,185,9,38,494,252,5,13,6,155,170,171
64,9,283,153,2,32,470,217,28,18,4,141,168,164
64,10,273,162,1,38,474,218,4,23,9,148,175,152
64,11,249,191,3,34,477,183,32,14,12,136,155,186
64,12,232,99,9,35,375,136,18,9,13,100,146,134
64,13,229,215,2,31,477,262,5,5,4,121,155,202
64,14,249,166,2,28,445,187,16,10,19,136,131,180
64,15,487,194,3,38,722,359,74,35,10,189,300,236
64,16,327,203,4,48,582,254,17,34,19,174,192,216
64,17,270,158,2,34,464,206,18,30,13,144,144,178
64,18,421,279,7,50,757,322,37,35,11,241,250,268
65,1,435,230,7,45,717,412,3,5,9,222,274,222
65,2,394,196,9,51,650,365,7,19,10,211,257,182
65,3,339,94,7,55,495,158,52,33,9,135,183,177
65,4,536,159,16,45,756,460,17,8,0,238,351,167
65,5,291,72,3,41,407,119,71,40,21,129,132,148
65,6,209,51,2,31,293,80,41,30,11,83,90,122
65,7,556,275,11,72,914,423,20,17,9,296,316,302
65,8,372,117,7,48,544,205,58,31,12,161,180,203
65,9,506,155,6,53,720,345,45,24,11,235,278,211
65,10,459,324,16,86,885,426,14,27,20,278,310,299
65,11,510,124,8,62,704,245,103,56,16,247,260,198
65,12,311,58,1,26,396,74,128,25,7,154,105,139
65,13,291,74,5,43,413,175,34,25,7,139,137,140
65,14,353,39,1,33,426,80,109,57,13,122,183,122
65,15,381,47,3,43,474,115,88,41,15,136,191,148
65,16,346,106,1,40,493,174,45,41,11,140,188,166
65,17,537,128,4,55,724,254,102,59,13,223,286,221
65,18,499,88,6,45,638,165,158,42,19,166,254,221
65,19,334,114,2,44,494,226,23,31,8,163,171,162
65,20,799,241,7,49,1096,574,35,14,6,322,514,264
65,21,339,82,1,39,461,230,23,27,10,124,169,169
65,22,331,132,4,40,507,200,43,42,9,157,190,163
65,23,343,168,4,49,564,310,4,10,7,192,186,187
66,1,371,156,4,48,579,271,16,26,13,163,190,226
66,2,172,151,0,29,352,196,2,22,7,104,138,110
66,3,241,156,5,28,430,259,4,9,3,131,149,150
66,4,241,135,2,29,407,217,2,14,4,138,143,127
66,5,300,214,5,45,564,244,22,10,9,181,158,225
66,6,288,153,2,22,465,247,3,8,1,139,142,185
66,7,179,192,8,42,421,225,5,20,11,124,140,158
66,8,655,244,15,102,1016,370,136,34,21,314,377,330
66,9,283,203,3,25,514,309,0,8,6,161,190,163
66,10,292,179,1,40,512,270,26,9,12,152,188,172
66,11,267,222,7,25,521,324,5,6,4,167,213,141
66,12,360,160,6,46,572,271,38,25,8,159,218,196
66,13,256,131,1,28,416,206,8,5,9,116,138,163
66,14,312,195,6,45,558,319,4,7,5,172,183,203
66,15,418,214,5,75,712,300,64,21,12,208,272,233
66,16,208,105,5,23,341,194,2,2,1,105,118,118
66,17,206,280,6,27,519,315,6,6,8,156,174,189
66,18,336,171,4,55,566,303,5,16,12,178,212,176
66,19,363,182,9,50,604,277,41,13,8,195,228,183
66,20,357,169,4,54,584,301,10,15,8,164,201,220
66,21,547,256,11,81,895,453,29,29,13,281,331,285
66,22,516,251,8,90,865,409,25,23,48,231,290,347
66,23,368,205,6,46,625,312,11,32,14,186,214,228
66,24,342,157,5,35,539,250,48,4,10,171,197,171
66,25,185,178,4,36,403,259,1,2,6,120,142,142
66,26,378,180,3,42,603,343,10,8,3,182,224,199
66,27,266,132,6,40,444,206,6,11,4,150,152,143
66,28,302,182,7,43,534,291,9,18,9,162,184,189
66,29,322,301,7,43,673,416,2,6,10,235,247,191
66,30,262,233,5,35,535,324,2,15,3,165,188,182
66,31,335,159,7,40,541,265,11,16,13,163,176,202
66,32,432,165,6,60,663,286,44,31,11,229,261,174
66,33,370,248,6,56,680,346,32,13,11,189,252,240
66,34,259,197,6,42,504,286,1,6,5,164,172,170
66,35,360,215,7,50,632,339,13,21,12,185,231,219
66,36,405,258,12,67,742,396,16,14,6,228,268,247
66,37,362,119,6,65,552,178,35,25,6,190,210,152
66,38,280,249,4,33,566,290,9,15,11,181,203,182
66,39,328,165,9,43,545,270,25,10,15,156,204,188
66,40,237,167,5,37,446,256,8,12,14,144,168,134
66,41,565,164,4,68,801,274,93,47,13,239,304,258
66,42,249,189,2,32,472,245,3,10,5,136,170,166
66,43,358,330,8,37,733,460,7,7,5,238,258,237
66,44,327,185,4,34,550,325,4,7,7,163,204,185
66,45,192,164,5,28,389,191,4,11,2,101,129,159
66,46,221,272,5,27,525,339,3,14,2,154,209,166
